,Entry
0,Q07955
1,Q9HCE1
2,Q01844
3,Q9UL18
7,Q15717
8,B7ZL34
9,Q9NZI8
10,Q07955
11,Q15717
12,Q15717
13,P26599
14,O00425
15,P35637
16,P35637
17,Q9UL18
22,P31483
23,Q9HCE1
24,Q07955
25,P31483
27,Q9UKV8
28,Q15717
29,Q49AS9
30,Q15717
31,O60341
32,Q96PU8
33,O00425
34,Q15717
35,O00425
36,Q07955
37,O00425
38,Q9HCE1
39,Q9HCE1
40,O00425
41,B7ZL34
43,O00425
44,P26599
45,Q15717
46,P35637
48,Q15717
49,Q49AS9
50,Q07955
51,Q15717
52,Q15717
53,Q13148
54,Q9UKV8
55,O00425
56,Q9NZI8
57,P35637
58,O00425
59,Q15717
60,Q9Y6M1
61,Q13148
62,Q07955
63,P26599
64,Q13148
65,Q15717
66,P26599
67,B7ZL34
68,Q13148
69,Q13148
70,O00425
71,Q9UKV8
72,Q15717
73,Q01844
74,O00425
75,P35637
76,Q01844
77,Q49AS9
78,Q13148
79,Q15717
80,Q49AS9
81,P31483
82,Q07955
83,Q49AS9
84,Q01844
85,Q15717
86,Q9Y6M1
87,O00425
88,P31483
89,P35637
90,P35637
91,P26599
92,P26599
93,P61011
94,Q15717
95,Q9HCE1
96,P35637
97,Q07955
98,Q9HCE1
100,Q9UKV8
101,Q49AS9
102,Q07955
103,Q13148
104,Q15717
105,O00425
106,Q9UKV8
107,Q15717
108,Q49AS9
109,P35637
110,Q15717
111,Q13148
112,Q13148
113,Q01844
114,Q15717
115,P35637
116,Q07955
117,Q07955
118,O00425
119,O94906
120,Q15717
121,Q15717
122,Q9NZI8
123,Q15717
124,Q13148
125,P31483
126,Q07955
127,Q49AS9
128,B7ZL34
129,P26599
130,P09661
131,Q9NZI8
132,Q07955
133,O00425
134,Q9Y6M1
135,Q13148
136,P17844
137,Q15717
138,Q15717
139,O00425
140,P31483
141,Q15717
142,B7ZL34
143,Q01844
144,Q15717
145,Q07955
146,P31483
147,Q15717
148,Q49AS9
149,Q15717
150,Q13148
151,P07910
152,Q9Y6M1
153,Q13148
154,Q07955
155,Q9HCE1
156,Q49AS9
157,Q15717
158,Q96PU8
159,Q49AS9
160,Q9Y6M1
161,Q49AS9
162,O00425
163,Q01844
164,Q15717
165,Q9Y6M1
166,Q15717
167,P26599
169,Q15717
170,Q15717
171,Q15717
172,Q15717
173,P26599
174,Q49AS9
175,Q15717
176,Q9NZI8
177,O00425
178,Q15717
179,Q15717
180,O00425
181,Q15717
182,Q15717
183,O00425
184,Q9HCE1
185,Q15717
186,Q15717
187,Q15717
188,O00425
189,Q9NZI8
190,Q15717
191,Q01844
192,O43818
193,Q9UL18
197,Q9Y6M1
198,Q9Y6M1
199,Q49AS9
200,Q07955
201,Q15717
202,Q13148
203,O00425
204,Q15717
205,Q9NZI8
206,Q13148
207,Q15717
208,P35637
209,Q15717
210,Q07955
211,Q15717
212,Q13148
213,Q9NZI8
214,Q15717
215,Q9UL18
219,Q15717
220,O43251
221,Q13148
222,O00425
223,B7ZL34
224,Q9UKV8
225,Q07955
226,Q07955
227,O00425
228,P31483
229,Q8NDV7
232,P31483
233,P31483
234,Q15717
235,P35637
236,Q9Y6M1
237,Q15717
238,P31483
239,Q15717
240,O00425
241,Q07955
242,Q01844
243,Q07955
244,Q9Y6M1
245,Q15717
246,Q49AS9
247,Q15717
248,Q15717
249,Q9UKV8
250,Q9Y6M1
251,O00425
252,Q15717
253,Q07955
254,Q15717
255,P35637
256,Q9UKV8
257,P35637
258,Q15717
259,B7ZL34
260,Q15717
261,Q07955
262,Q15717
263,Q49AS9
264,P26599
265,Q9Y6M1
266,P35637
267,P35637
268,Q9UKV8
269,Q15717
270,O43172
271,Q9NZI8
272,Q15717
273,Q07955
274,Q9Y6M1
275,Q07955
276,Q15717
277,Q8NDV7
280,Q9Y6M1
281,Q9UKV8
282,Q9NZI8
283,Q07955
284,O00425
286,Q13148
287,Q15717
288,Q9Y6M1
289,P35637
290,Q15717
291,Q07955
292,Q9Y6M1
293,Q15717
294,Q9UKV8
295,Q15717
296,P35637
297,P35637
298,O00425
299,Q49AS9
300,P31483
301,O00425
302,Q13148
303,Q9NZI8
304,Q15717
305,Q07955
306,Q9UKV8
307,Q01844
308,Q9Y6M1
309,Q9Y6M1
310,Q49AS9
311,P35637
312,Q15717
313,P35637
314,Q15717
315,Q15717
316,Q9HCE1
317,Q15717
318,Q13148
319,Q9UL18
323,Q9UL18
327,Q15717
328,Q49AS9
329,O00425
330,P35637
331,Q9Y6M1
332,Q07955
333,Q15717
334,Q07955
335,Q07955
336,Q49AS9
337,Q15717
338,Q15717
339,P31483
340,Q07955
341,Q07955
342,P31483
343,Q01844
344,Q15717
345,Q9UL18
349,Q49AS9
350,P26599
351,Q49AS9
352,O00425
353,O00425
354,P26599
355,Q15717
356,Q07955
357,O00425
358,Q9NZI8
359,Q49AS9
360,Q15717
361,Q15717
362,Q15717
363,P35637
364,P31483
365,Q9UL18
369,Q15717
370,P31483
371,Q15717
372,P35637
373,Q07955
374,Q15717
375,P35637
376,Q9Y6M1
377,Q15717
378,Q49AS9
379,P31483
380,Q15717
381,Q15717
382,Q15717
383,Q9Y6M1
384,Q15717
385,Q15717
386,Q07955
387,Q49AS9
389,B7ZL34
390,P35637
391,Q9UKV8
392,P35637
393,Q9Y6M1
394,Q9NZI8
395,Q15717
396,O00425
397,Q15717
398,Q9HCE1
399,Q15717
400,Q07955
401,Q9UKV8
402,Q9Y6M1
403,Q07955
404,Q9UKV8
405,Q9Y6M1
406,P31483
407,Q15717
408,Q15717
410,Q49AS9
411,Q9NZI8
412,Q15717
413,Q49AS9
414,Q9NZI8
415,Q07955
416,Q15717
417,Q13148
418,Q49AS9
419,Q13148
420,O00425
421,P35637
422,Q07955
423,Q9NZI8
424,P35637
425,O00425
426,Q9UL18
430,Q49AS9
431,Q49AS9
432,P26599
433,Q49AS9
434,Q8NDV7
437,Q9HCE1
438,Q9Y6M1
439,Q15717
440,P26599
441,P26599
442,Q13148
443,Q13148
444,O00425
445,Q15717
446,Q9UL18
450,P26599
451,Q9Y6M1
452,O00425
453,B7ZL34
454,Q15717
455,Q9NZI8
456,Q9Y6M1
457,Q01844
458,Q15717
459,Q01844
460,Q07955
461,P35637
462,Q07955
463,Q9UL18
467,Q07955
468,P35637
469,Q49AS9
470,Q9UL18
474,Q15717
475,Q15717
476,P26599
477,Q15717
478,P31483
479,Q07955
480,P26599
481,Q07955
482,O00425
483,O00425
484,O00425
485,Q15717
486,Q9NZI8
487,Q49AS9
488,Q15717
489,Q9UKV8
490,Q15717
491,Q13148
492,O00425
493,Q9UL18
497,Q01844
498,O00425
499,Q07955
500,P35637
501,Q15717
502,Q49AS9
503,Q15717
504,Q15717
505,Q15717
506,Q15717
507,P31483
508,P35637
509,Q49AS9
510,Q13148
511,P35637
512,Q15717
513,P31483
514,Q49AS9
515,Q9NZI8
516,P31483
517,Q9UKV8
518,P31483
519,Q9NZI8
520,B7ZL34
521,Q01844
522,Q15717
523,Q13148
524,Q15717
525,O00425
526,Q9NZI8
527,P31483
528,O00425
529,Q07955
530,Q9UKV8
531,O00425
532,Q15717
533,Q15717
534,B7ZL34
535,P35637
536,Q49AS9
537,Q49AS9
538,Q9UL18
542,P35637
543,P26599
544,Q15717
545,Q9H633
546,Q15717
547,Q15717
548,P26599
549,Q15717
550,Q9Y6M1
551,Q9UL18
555,Q15717
556,Q9NZI8
557,Q15717
558,Q07955
559,Q15717
560,Q13148
561,Q9Y6M1
562,O00425
563,Q9Y6M1
564,Q49AS9
565,Q13148
566,Q15717
567,Q13148
568,P26599
569,O00425
570,Q07955
571,Q13148
572,Q49AS9
573,Q15717
574,Q9HCE1
575,Q49AS9
576,P09132
577,Q49AS9
578,Q9UL18
582,Q07955
583,Q15717
584,Q49AS9
585,P31483
586,P35637
587,Q49AS9
588,P26599
589,Q15717
590,Q9Y6M1
591,Q01844
592,Q9NZI8
593,P35637
594,Q15717
595,Q9UKV8
596,Q49AS9
597,Q9Y6M1
598,Q9Y6M1
599,P31483
600,Q49AS9
601,O00425
602,Q15717
603,P26599
604,O00425
605,Q13148
606,B7ZL34
607,Q01844
608,O43251
609,O00425
610,Q15717
611,P35637
612,Q9Y6M1
613,Q9Y6M1
614,Q07955
615,Q07955
616,Q13148
617,O00425
618,Q07955
619,Q15717
620,O00425
621,Q07955
622,Q9UL18
626,Q13148
627,Q9NZI8
628,P35637
629,Q15717
630,Q15717
631,Q15717
632,P35637
633,Q8NDV7
636,Q9NZI8
637,P31483
638,O00425
639,Q13148
640,Q15717
641,P31483
642,O00425
643,O00425
644,Q49AS9
645,P31483
646,Q49AS9
647,Q15717
648,P62310
649,P35637
650,Q9NZI8
651,Q15717
652,Q49AS9
653,P26599
654,P26599
655,Q07955
656,Q15717
657,Q9HCE1
658,P35637
659,O00425
660,Q9UKV8
661,Q9NZI8
662,P35637
663,Q15717
664,Q49AS9
665,O00425
666,Q9NZI8
667,Q9Y6M1
668,Q15717
669,P35637
670,Q07955
671,Q8NDV7
674,P35637
675,Q15717
676,Q9Y6M1
677,Q15717
678,P35637
679,Q13148
680,Q15717
681,Q15717
682,Q9Y6M1
683,P35637
684,P35637
685,Q13148
686,O00425
687,B7ZL34
688,Q15717
689,Q07955
690,Q15717
691,Q9UKV8
692,O00425
693,Q15717
694,P26599
695,O00425
696,Q9NZI8
697,P35637
698,Q13148
699,P26599
700,Q15717
701,Q9NZI8
702,P26599
703,Q15717
704,Q13148
705,Q9HCE1
706,P35637
707,O00425
708,Q01844
709,Q01844
710,Q9NZI8
711,Q01844
712,Q15717
713,P35637
714,O00425
715,Q9NZI8
716,Q15717
717,Q49AS9
718,O00425
719,Q9Y6M1
720,Q00839
721,Q15717
722,Q9Y6M1
723,P35637
724,Q01844
725,Q49AS9
726,Q49AS9
727,Q96PU8
728,Q49AS9
729,Q07955
730,Q15717
731,Q07955
732,Q9Y6M1
733,Q9Y6M1
734,Q15717
735,Q15717
736,Q01844
737,Q13148
738,O00425
739,P31483
740,Q13148
741,Q9UL18
745,Q9Y6M1
746,Q07955
747,Q9NZI8
748,Q15717
749,Q15717
750,P26599
751,P35637
752,O00425
753,B7ZL34
754,Q9NZI8
755,Q15717
756,Q15717
757,Q15717
758,Q13148
759,Q15717
760,Q9UKV8
761,Q9Y6M1
762,Q9UKV8
763,Q15717
764,Q8NDV7
767,O00425
768,O00425
769,Q9Y6M1
770,Q07955
771,P31483
772,P31483
773,Q13148
774,Q15717
775,Q15717
776,Q15717
777,P26599
778,Q15717
779,P31483
780,Q15717
781,Q15717
782,O43251
783,Q15717
784,Q9UKV8
785,Q9NZI8
786,Q15717
787,P26599
788,B7ZL34
789,Q07955
790,Q15717
791,Q15717
792,Q9Y6M1
793,P35637
794,P31483
795,Q07955
796,O00425
797,P35637
798,Q13148
799,Q8NDV7
802,Q9UKV8
803,Q13148
805,P26599
806,Q15717
807,Q49AS9
808,Q15717
809,Q01844
810,Q9Y6M1
811,Q07955
812,Q15717
813,O00425
814,Q9NZI8
815,Q15717
816,Q15717
817,P26599
818,Q15717
819,P26599
820,Q9NZI8
821,Q9UL18
825,Q15717
826,Q9UL18
830,P35637
831,P35637
832,Q15717
833,O00425
834,Q13148
835,Q15717
836,Q15717
837,Q9Y6M1
838,Q15717
839,Q9UKV8
840,B7ZL34
842,Q15717
843,Q9Y6M1
844,P35637
845,Q15717
846,P31483
847,Q15717
848,Q13148
849,O00425
850,Q15717
851,Q15717
852,Q15717
853,P35637
854,Q13148
856,O60832
857,Q9HCE1
858,Q15717
859,Q15717
860,O00425
861,O94992
862,Q49AS9
863,Q15717
864,O00425
865,Q15717
867,Q9Y6M1
868,Q15717
869,B7ZL34
870,Q9HCE1
871,O00425
872,Q07955
873,Q9UL18
877,P35637
878,P35637
879,Q15717
880,Q9Y6M1
881,Q15717
882,O00425
883,Q9UL18
887,Q13148
888,Q9NZI8
889,Q49AS9
890,Q15717
891,Q15717
892,Q07955
893,Q49AS9
894,O00425
895,Q49AS9
896,Q13148
897,Q9Y6M1
898,Q49AS9
899,Q15717
900,Q01844
901,Q9NZI8
902,Q9Y4Z0
903,P31483
905,Q49AS9
906,O00425
907,O00425
908,Q13148
909,O00425
910,Q15717
911,Q15717
912,Q15717
913,P35637
914,O00425
915,Q15717
916,Q9Y6M1
917,Q13148
918,P35637
919,Q49AS9
920,P35637
921,Q49AS9
922,O00425
923,Q15717
924,Q07955
925,O00425
926,P35637
927,Q9NZI8
928,Q9UKV8
929,Q07955
930,O00425
931,Q15717
932,Q01844
933,Q9UKV8
934,Q49AS9
935,Q13148
936,Q9Y6M1
937,Q15717
938,P31483
939,Q13148
940,Q9NZI8
941,Q9Y6M1
942,Q13148
943,Q9Y6M1
944,Q9NZI8
945,Q15717
946,Q13148
947,Q9Y6M1
948,Q49AS9
949,Q13148
950,Q15717
951,Q15717
953,Q9UKV8
954,Q9HCE1
955,Q9HCE1
956,Q15717
957,Q9UL18
961,Q9NZI8
962,Q9NZI8
963,Q96PU8
964,Q15717
965,Q9NZI8
966,O00425
967,Q9UL18
971,Q9NZI8
972,Q15717
973,P35637
974,Q9NZI8
975,Q01844
977,Q49AS9
978,O00425
979,Q9Y6M1
980,Q9NZI8
981,Q01844
982,P26599
983,Q15717
984,Q15717
985,Q9Y6M1
986,Q9Y6M1
987,Q9HCE1
988,Q49AS9
989,Q13148
990,Q49AS9
991,Q9NZI8
992,Q01844
993,Q01844
994,Q9Y6M1
995,Q49AS9
996,Q15717
997,Q13148
998,Q9NZI8
999,O00425
1000,Q15717
1001,Q8TEQ6
1002,Q07955
1003,P35637
1004,Q15717
1006,Q49AS9
1007,O00425
1008,P35637
1009,Q49AS9
1010,P31483
1011,Q13148
1012,Q07955
1013,Q07955
1014,Q07955
1015,Q9Y6M1
1016,Q9UKV8
1017,Q15717
1018,Q4G0J3
1019,Q9Y6M1
1020,Q9UKV8
1021,Q15717
1022,Q15717
1023,Q49AS9
1024,Q13148
1025,Q15717
1026,Q15717
1027,Q49AS9
1028,Q9HCE1
1029,Q13148
1030,Q15717
1031,Q13148
1032,Q9NZI8
1033,Q13148
1034,Q9NZI8
1035,P35637
1036,Q9Y6M1
1037,Q9UKV8
1038,Q49AS9
1039,O75940
1040,O00425
1041,Q07955
1042,Q15717
1043,O00425
1044,Q07955
1045,Q01844
1046,Q9HCE1
1047,P35637
1048,Q15717
1049,Q15717
1050,Q9Y6M1
1051,Q9UL18
1055,Q07955
1056,Q9UKV8
1057,O00425
1058,Q9NZI8
1059,Q9NZI8
1060,Q49AS9
1061,P35637
1062,Q15717
1063,Q15717
1064,Q13148
1065,Q15717
1066,O00425
1067,Q15717
1068,P35637
1069,Q15717
1070,Q9UKV8
1071,O00425
1072,P26599
1073,Q07955
1074,Q13285
1075,Q15717
1076,Q15717
1077,Q13148
1078,P35637
1080,P35637
1081,P35637
1082,Q15717
1083,Q15717
1084,Q49AS9
1085,Q49AS9
1086,Q15717
1087,P35637
1088,Q15717
1089,Q15717
1090,B7ZL34
1091,O00425
1092,P35637
1093,Q15717
1094,Q07955
1095,Q9Y6M1
1097,P35637
1098,Q9NZI8
1099,P35637
1100,Q96PU8
1101,Q07955
1102,Q13148
1103,Q9Y6M1
1104,Q15717
1105,O00425
1106,Q15717
1107,Q49AS9
1108,Q15717
1109,Q9HCE1
1110,P31483
1111,P35637
1112,Q49AS9
1113,Q9UKV8
1114,Q49AS9
1115,Q15717
1116,Q13148
1117,O00425
1118,Q9Y6M1
1119,Q9NZI8
1120,Q9NZI8
1121,Q9UL18
1126,Q13148
1127,P26599
1128,O00425
1129,Q15717
1130,Q07955
1131,Q07955
1132,Q13148
1133,Q13148
1134,O00425
1135,B7ZL34
1136,Q01844
1137,Q15717
1138,Q9NZI8
1139,Q15717
1140,Q96PU8
1141,Q9NZI8
1142,Q07955
1143,Q07955
1144,O00425
1145,Q9UKV8
1146,Q01844
1147,Q49AS9
1148,Q07955
1149,Q13148
1150,Q9NZI8
1151,P31483
1152,Q15717
1153,Q13148
1154,Q15717
1155,Q9Y6M1
1156,Q9NZI8
1157,Q15717
1158,O00425
1159,Q6IPL9
1160,P35637
1162,Q9NZI8
1163,Q8NDV7
1166,Q15717
1167,Q96PU8
1168,Q13148
1169,Q07955
1170,Q15717
1171,Q9Y6M1
1172,Q9UL18
1176,Q9NZI8
1177,O00425
1178,Q15717
1179,P35637
1180,Q13148
1181,Q9UKV8
1182,Q07955
1183,Q49AS9
1184,Q15717
1185,P26599
1186,Q9NZI8
1187,P35637
1188,Q9Y6M1
1189,Q9UKV8
1190,O00425
1191,P26599
1192,Q9Y6M1
1193,Q9NZI8
1194,Q15717
1195,Q13148
1196,P31483
1197,Q07955
1198,Q49AS9
1199,Q01844
1200,Q01844
1202,Q07955
1203,Q01844
1204,P26599
1205,Q49AS9
1206,P26599
1207,Q15717
1208,Q9Y6M1
1209,Q15717
1211,P26599
1212,Q07955
1213,Q13148
1214,Q13148
1215,P35637
1216,Q9HCE1
1217,Q8NDV7
1220,P35637
1221,Q8NDV7
1224,Q15717
1225,Q9UKV8
1226,O00425
1227,P26599
1228,P35637
1229,Q9UKV8
1230,P35637
1231,Q01844
1232,Q15717
1233,Q07955
1234,Q07955
1235,Q07955
1236,Q15717
1237,Q15717
1238,Q9Y6M1
1239,Q49AS9
1240,Q9HCE1
1241,O00425
1242,Q15717
1243,P31483
1244,Q15717
1245,Q15717
1246,P35637
1247,Q15717
1248,P31483
1249,Q07955
1250,Q15717
1251,Q13148
1252,B7ZL34
1253,Q15717
1254,Q96PU8
1255,O00425
1256,Q15717
1257,P31483
1258,Q13148
1259,P26599
1260,Q15717
1261,Q15717
1262,Q15717
1263,Q15717
1264,Q9NZI8
1265,Q15717
1266,Q9Y6M1
1267,O00425
1268,Q15233
1269,Q15717
1270,P35637
1271,Q13148
1272,O00425
1273,Q07955
1274,Q13148
1275,Q9HCE1
1276,Q15717
1277,Q15717
1278,P26599
1279,P35637
1280,Q15717
1281,Q49AS9
1282,Q9UKV8
1283,P31483
1284,P35637
1285,Q01844
1286,Q15717
1287,Q9Y6M1
1288,P35637
1289,Q01844
1290,Q9HCE1
1291,O00425
1292,O00425
1293,O00425
1294,P31483
1295,Q15717
1296,Q15717
1297,P61964
1298,Q15717
1299,Q15717
1300,Q07955
1301,B7ZL34
1302,Q9NZI8
1303,Q15717
1304,Q9NZI8
1305,P35637
1306,Q01844
1307,P78346
1308,P31483
1309,Q9Y6M1
1310,O00425
1312,O00425
1313,P35637
1314,Q15717
1315,Q9BUL9
1316,Q8NEI3
1317,P35637
1318,Q15717
1319,P35637
1320,P35637
1321,O00425
1322,P35637
1323,Q49AS9
1324,Q9NZI8
1325,Q01844
1326,Q13148
1327,O00425
1328,Q9NZI8
1329,Q13148
1330,Q15717
1331,Q49AS9
1332,P35637
1333,Q15717
1334,Q9UKV8
1335,Q9HCE1
1336,Q49AS9
1337,O00425
1338,Q07955
1339,Q49AS9
1340,P35637
1341,Q15717
1342,Q15717
1343,P19474
1344,Q9UKV8
1345,Q13148
1346,Q15717
1347,P35637
1348,Q15717
1349,Q07955
1350,P35637
1351,Q9Y6M1
1352,Q13148
1353,Q07955
1354,Q15717
1355,Q9NZI8
1356,Q15717
1357,Q01844
1358,Q49AS9
1359,Q9NZI8
1360,Q9HCE1
1361,Q15717
1362,P31483
1363,Q07955
1364,P26599
1365,Q15717
1366,Q9Y6M1
1367,Q9NZI8
1368,P26599
1369,Q49AS9
1370,O00425
1371,Q9NZI8
1372,Q13148
1373,O00425
1374,P35637
1375,Q9UL18
1379,O43251
1380,Q9NZI8
1381,Q9NZI8
1382,B7ZL34
1383,Q9NZI8
1384,Q15717
1385,Q9NZI8
1386,Q15717
1387,O00425
1388,Q15717
1389,Q07955
1390,Q49AS9
1391,P23246
1392,P31483
1393,P26599
1394,Q9UL18
1398,O00425
1399,O00425
1400,Q9NZI8
1401,Q9UKV8
1402,Q9UL18
1406,Q15717
1407,Q9HCE1
1409,Q07955
1411,Q9NZI8
1412,Q9UKV8
1413,Q07955
1415,Q13148
1416,O00425
1417,Q13148
1418,Q49AS9
1419,Q15717
1420,Q13148
1421,Q07955
1422,Q15717
1423,Q9NZI8
1424,P35637
1425,Q15717
1426,Q15717
1427,Q9NZI8
1428,Q15717
1429,Q15717
1430,Q9Y6M1
1431,O00425
1432,Q13148
1433,P35637
1434,Q15717
1435,Q07955
1436,Q15717
1437,Q15717
1438,O00425
1439,O00425
1440,Q15717
1441,Q15717
1442,P50750
1443,P35637
1444,Q9Y6M1
1445,Q49AS9
1446,Q07955
1447,Q15717
1448,Q15717
1449,Q9UKV8
1450,Q13148
1451,P31483
1452,Q9UL18
1456,Q9NZI8
1457,Q13148
1458,Q9Y6M1
1459,Q07955
1460,Q49AS9
1461,P49458
1462,Q15717
1463,Q07955
1464,P26599
1465,Q13148
1466,Q15717
1467,Q9NZI8
1468,Q13148
1469,P35637
1470,Q9NZI8
1471,P35637
1472,Q15717
1473,Q15717
1474,Q9NZI8
1475,Q13148
1476,P31483
1477,O00425
1478,Q9Y6M1
1479,Q15717
1480,P31483
1481,O00425
1482,Q9HCE1
1483,Q15717
1484,Q15717
1485,Q9UKV8
1486,O00425
1487,Q96PU8
1488,Q15717
1489,Q49AS9
1490,Q9NZI8
1491,Q07955
1492,Q15717
1493,Q13148
1494,Q01844
1495,Q49AS9
1496,P26599
1497,Q96PU8
1498,Q9UKV8
1499,Q15717
1500,Q9Y6M1
1501,O00425
1502,Q13148
1503,Q15717
1504,P35637
1505,Q15717
1506,Q49AS9
1507,Q15717
1508,P35637
1509,O00425
1510,P31483
1511,Q9NZI8
1512,P35637
1513,Q9NZI8
1514,Q07955
1515,Q9Y6M1
1516,P35637
1517,P35637
1518,Q07955
1519,Q8NDV7
1522,Q9Y6M1
1523,Q9Y6M1
1524,Q9Y6M1
1525,Q15717
1526,Q49AS9
1527,Q15717
1528,Q01844
1529,P35637
1531,O00425
1532,Q49AS9
1533,Q9Y6M1
1534,Q9Y6M1
1535,Q15717
1536,Q01844
1537,P35637
1538,O00425
1539,Q15717
1540,Q15717
1541,Q15717
1542,Q07955
1543,P35637
1544,Q13148
1545,Q13148
1546,Q15717
1547,Q13148
1548,O00425
1549,Q15717
1550,Q9HCE1
1551,P35637
1552,Q9Y6M1
1553,Q13148
1554,O00425
1555,Q9NZI8
1556,Q15717
1557,Q15717
1558,B7ZL34
1559,O00425
1560,Q9HCE1
1561,Q01844
1562,Q15717
1563,P35637
1564,Q15717
1565,Q15717
1566,Q9NZI8
1567,Q49AS9
1568,Q9UKV8
1569,B7ZL34
1570,P35637
1571,Q01844
1572,Q9UKV8
1573,Q9Y6M1
1574,Q9UKV8
1575,Q13148
1576,Q15717
1577,Q13148
1578,Q15717
1579,Q15717
1580,Q13148
1581,Q15717
1582,Q15717
1583,Q9UKV8
1584,P26599
1585,Q15717
1586,O00425
1587,Q49AS9
1588,Q07955
1589,O00425
1590,O00425
1591,Q15717
1592,Q13148
1593,O00425
1594,O00425
1595,Q49AS9
1596,Q9UKV8
1597,Q9Y6M1
1598,Q15717
1599,O00425
1600,O00425
1601,Q9UKV8
1602,Q49AS9
1603,Q07955
1604,Q9HCE1
1605,Q9UKV8
1606,Q07955
1607,B7ZL34
1608,Q9UKV8
1609,Q15717
1610,Q13148
1611,Q15717
1612,Q9UL18
1616,Q07955
1617,Q07955
1618,P35637
1619,Q9Y6M1
1620,Q13148
1621,Q49AS9
1622,Q49AS9
1623,Q49AS9
1624,Q9NZI8
1625,Q15717
1626,Q01844
1627,Q13148
1628,Q9UL18
1632,Q15717
1633,Q13148
1634,P35637
1635,Q9NZI8
1636,Q01844
1637,Q9UL18
1641,O00425
1642,P35637
1643,Q9UL18
1647,Q15717
1648,Q01844
1649,O00425
1650,Q13148
1651,O00425
1652,Q07955
1653,Q15717
1655,Q9Y6M1
1656,Q13148
1658,Q15717
1659,Q49AS9
1660,Q49AS9
1661,Q15022
1662,Q07955
1663,Q13148
1664,Q15717
1666,Q07955
1667,Q9NZI8
1668,P35637
1669,Q9Y6M1
1670,Q15717
1671,Q07955
1672,O00425
1673,Q13148
1674,O00425
1675,Q9NZI8
1676,P35637
1677,Q8TEQ6
1678,Q9Y6M1
1679,Q15717
1680,Q15717
1681,Q15717
1682,P26599
1683,Q9UKV8
1684,Q49AS9
1685,Q49AS9
1686,Q15717
1687,Q01844
1688,Q9Y6M1
1689,Q01844
1690,Q15717
1691,P31483
1692,B7ZL34
1693,Q15717
1694,Q15717
1695,Q49AS9
1696,Q9NZI8
1697,Q15717
1698,Q15717
1699,P23246
1700,Q15717
1701,Q15717
1702,P26599
1703,Q15717
1704,O00425
1705,P35637
1706,Q13148
1707,Q13148
1708,Q9Y6M1
1709,Q13148
1710,Q07955
1711,P26599
1712,Q13148
1713,Q9UKV8
1714,P31483
1715,Q9NZI8
1716,Q9UKV8
1717,P35637
1718,Q49AS9
1719,O00425
1720,Q49AS9
1721,Q9UKV8
1722,Q13148
1723,Q49AS9
1724,Q9NZI8
1725,Q49AS9
1726,Q9Y6M1
1727,Q15717
1728,Q15022
1729,Q15717
1730,P31483
1731,Q15717
1732,B7ZL34
1733,Q07955
1734,B7ZL34
1735,Q15717
1737,O00425
1738,B7ZL34
1739,Q9NZI8
1740,Q49AS9
1742,Q9Y6M1
1743,Q9Y6M1
1744,Q9Y6M1
1745,Q15717
1746,Q15717
1747,Q15717
1748,Q9Y6M1
1749,Q15717
1750,Q9NZI8
1751,Q15717
1752,Q15717
1753,Q49AS9
1754,Q15717
1755,Q15717
1756,Q01844
1757,Q8NDV7
1760,Q9Y6M1
1761,Q15717
1762,Q07955
1763,P31483
1764,P83876
1765,Q9Y6M1
1766,Q9Y6M1
1767,Q15717
1768,Q9Y6M1
1769,Q13127
1770,Q9UL18
1774,Q01844
1775,Q15717
1776,Q9UL18
1780,Q15717
1781,Q9UKV8
1783,Q9NZI8
1784,Q01844
1785,Q9UL18
1789,Q15717
1790,O00425
1791,P35637
1792,Q15717
1793,Q9HCE1
1794,Q9UKV8
1795,Q15022
1796,P31483
1797,Q07955
1798,Q15717
1799,P35637
1800,Q49AS9
1801,P26599
1802,Q9HCE1
1803,O00425
1804,Q15717
1805,Q07955
1806,Q15717
1807,P31483
1808,P35637
1809,O00425
1810,Q9UKV8
1811,P31483
1812,P26599
1813,Q15717
1814,Q15717
1815,O00425
1816,Q9UKV8
1817,Q15717
1818,Q07955
1819,Q15717
1820,Q15717
1821,Q07955
1822,Q9Y6M1
1823,P26599
1824,P31483
1825,Q01844
1826,Q15717
1827,O00425
1828,Q13148
1829,Q9NZI8
1830,Q49AS9
1831,Q9HCE1
1832,Q9Y6M1
1833,Q15717
1834,Q07955
1835,P35637
1836,Q9UKV8
1837,Q07955
1838,O00425
1839,Q15717
1840,O76094
1841,Q15717
1842,Q15717
1843,P35637
1844,P35637
1845,P35637
1846,Q9UL18
1850,Q07955
1851,Q9NZI8
1852,Q9UL18
1856,P35637
1857,Q9Y6M1
1858,Q15717
1859,O43251
1861,Q9NZI8
1862,P31483
1863,Q9NZI8
1864,Q01844
1865,Q9Y6M1
1866,B7ZL34
1867,Q49AS9
1868,Q15717
1869,Q13148
1870,Q96PU8
1871,Q15717
1872,Q07955
1873,Q15717
1874,Q9Y6M1
1875,Q07955
1876,Q15717
1877,Q13148
1878,P26599
1879,Q15717
1880,O43251
1881,P31483
1882,Q9UKV8
1883,Q07955
1884,O00425
1885,Q15717
1886,O00425
1887,B7ZL34
1888,P35637
1889,P26599
1890,Q15717
1891,Q49AS9
1892,Q9NZI8
1893,Q15717
1894,Q15717
1895,Q9Y6M1
1896,Q96PU8
1897,Q01844
1898,O00425
1899,Q07955
1900,Q9UL18
1904,Q15717
1905,Q9UKV8
1906,Q49AS9
1907,Q49AS9
1908,Q07955
1909,P26599
1910,Q3MI39
1911,Q15717
1913,B7ZL34
1914,Q7L014
1915,Q9Y6M1
1916,Q9NZI8
1917,P35637
1918,Q9Y6M1
1919,P35637
1920,P35637
1921,P37108
1922,P31483
1923,Q9Y6M1
1924,Q15717
1925,Q15717
1926,P31483
1927,Q49AS9
1928,Q07955
1929,Q9Y6M1
1930,Q13148
1931,P26599
1933,O00425
1934,Q07955
1935,Q49AS9
1936,P26599
1937,P35637
1938,Q9Y6M1
1939,Q8NDV7
1942,Q01844
1943,Q13148
1944,Q15717
1945,Q07955
1946,Q9NZI8
1947,Q15717
1948,Q15717
1949,Q07955
1950,Q01844
1951,Q13148
1952,P62312
1953,Q07955
1954,Q49AS9
1955,Q9Y6M1
1956,P26599
1957,Q13148
1958,Q07955
1959,P35637
1960,Q49AS9
1961,Q01844
1962,Q49AS9
1963,O43447
1965,Q15717
1966,Q15717
1967,Q15717
1968,Q15717
1969,P26599
1970,Q13148
1971,P31483
1972,Q01844
1973,Q49AS9
1974,O00425
1975,P35637
1976,Q9Y6M1
1977,P35637
1978,Q9Y6M1
1979,P26599
1980,Q96PU8
1981,Q15717
1982,P31483
1983,Q96PU8
1984,Q9NZI8
1985,Q9Y6M1
1986,Q07955
1987,Q15717
1988,Q9UKV8
1989,Q07955
1990,P35637
1991,Q13148
1992,Q13148
1993,Q15717
1994,Q15717
1995,Q01844
1996,Q9NZI8
1997,Q13148
1998,Q9NZI8
1999,Q49AS9
2000,Q07955
2001,Q15717
2002,Q49AS9
2003,Q49AS9
2004,O00425
2005,Q15717
2006,Q07955
2007,Q15717
2008,P26599
2009,Q15717
2010,Q07955
2011,P35637
2012,P26599
2013,Q15717
2014,Q01844
2015,Q9NZI8
2016,Q13148
2017,Q9UKV8
2018,Q9HCE1
2019,Q15717
2021,Q9Y6M1
2022,Q9UL18
2026,Q9Y6M1
2027,P31483
2028,Q15717
2029,Q13148
2030,O00425
2031,Q15717
2032,O00425
2033,O00425
2034,Q15717
2035,Q15717
2036,Q9Y6M1
2037,Q15717
2038,Q9NZI8
2039,Q4G0J3
2040,O00425
2041,Q8NDV7
2044,Q9NZI8
2045,Q15717
2046,O00425
2047,P31483
2048,Q15717
2049,Q96PU8
2050,Q9UL18
2054,B7ZL34
2055,Q9NZI8
2056,P35637
2057,Q9Y6M1
2058,O00425
2059,Q07955
2060,Q9NZI8
2061,Q15717
2062,O00425
2063,P31483
2064,Q9UL18
2068,Q15717
2069,P61964
2070,Q13148
2071,Q13148
2072,Q15717
2073,Q9Y6M1
2074,P31483
2075,Q9UL18
2079,O00425
2080,Q15717
2081,B7ZL34
2082,Q49AS9
2083,Q49AS9
2084,O00425
2085,Q9NVP2
2086,Q9Y6M1
2087,Q15717
2089,Q01844
2090,Q9UKV8
2091,Q9UKV8
2092,Q15717
2093,Q9UKV8
2094,Q07955
2095,Q07955
2096,Q07955
2097,O00425
2098,P35637
2099,Q49AS9
2101,Q15717
2102,Q96PU8
2103,P26599
2104,P35637
2105,O00425
2106,O00425
2107,Q49AS9
2108,Q01844
2109,Q15717
2110,Q15717
2111,Q15717
2112,Q13148
2113,Q15717
2114,Q9UKV8
2115,Q07955
2116,Q15717
2117,Q9UL18
2121,Q07955
2122,Q15717
2123,Q8NDV7
2126,P35637
2127,B7ZL34
2128,Q15717
2129,Q01844
2130,Q13148
2131,Q9Y6M1
2132,Q15717
2133,Q9Y6M1
2134,Q13148
2135,Q07955
2138,P31483
2139,P35637
2140,Q01844
2141,O00425
2142,Q01844
2143,Q9NZI8
2144,P35637
2145,Q9Y6M1
2146,Q15717
2147,Q9NZI8
2148,Q15717
2149,Q15717
2151,O00425
2152,Q15717
2153,Q9NZI8
2154,Q15717
2155,Q07955
2156,P35637
2157,Q15717
2158,P26599
2159,Q15717
2160,P26599
2161,Q15717
2162,Q9UL18
2166,O00425
2167,Q01844
2168,O00425
2169,Q07955
2170,B7ZL34
2171,Q15717
2172,Q15717
2173,Q15717
2174,Q9NZI8
2175,Q15717
2176,Q9NZI8
2177,O00425
2178,Q9Y6M1
2180,P35637
2181,Q15717
2182,Q49AS9
2183,P26599
2184,P26599
2185,Q9Y6M1
2186,Q49AS9
2187,Q9NZI8
2188,Q15717
2189,P35637
2190,Q49AS9
2191,Q9NZI8
2192,P26599
2193,O00425
2194,Q07955
2195,P26599
2196,Q15717
2197,O00425
2198,P26599
2199,Q15717
2200,Q01844
2201,Q9HCE1
2202,Q13148
2203,Q07955
2204,O00425
2205,Q9UKV8
2206,O00425
2207,Q15717
2208,O00425
2209,Q9UL18
2213,P31483
2214,P26599
2215,Q9Y6M1
2216,Q49AS9
2217,Q15717
2218,O00425
2219,Q01844
2220,Q15717
2221,Q9UKV8
2222,P26599
2223,P35637
2224,Q49AS9
2225,P05455
2226,Q07955
2227,P35637
2228,O00425
2229,Q07955
2230,Q07955
2231,Q01844
2232,Q15717
2233,Q9UL18
2237,P26599
2238,Q07955
2239,Q15717
2240,Q9NZI8
2241,Q9Y6M1
2242,P35637
2243,Q49AS9
2244,Q9Y6M1
2245,Q9Y6M1
2246,Q13148
2247,P31483
2248,P35637
2249,P26599
2250,Q15717
2251,O00425
2252,P35637
2253,P35637
2254,Q9UKV8
2255,Q9Y6M1
2256,Q15717
2258,O00425
2259,Q9NZI8
2260,Q07955
2261,P31483
2262,Q9NZI8
2263,P31483
2264,P26599
2265,Q9NZI8
2266,Q15717
2267,Q13148
2268,P31483
2269,Q96PU8
2271,Q9UL18
2275,Q13148
2276,P26599
2278,Q9UL18
2282,O00425
2283,Q9HCE1
2284,P31483
2285,Q9Y6M1
2286,Q13148
2287,O00425
2288,P26599
2289,Q9H633
2290,O00425
2291,Q01844
2292,Q07955
2293,Q07955
2294,O00425
2295,Q07955
2296,Q9UKV8
2297,Q15717
2298,P31483
2299,Q9UKV8
2300,Q49AS9
2301,P26599
2302,P31483
2303,Q15717
2304,O00425
2305,Q15717
2306,Q01844
2307,Q9Y6M1
2308,Q13148
2310,O00425
2311,Q15717
2312,Q07955
2313,Q15717
2314,P35637
2315,Q49AS9
2316,Q9Y6M1
2317,O00425
2318,Q9Y6M1
2319,Q13148
2320,Q15717
2321,O00425
2322,Q9NZI8
2323,Q07955
2324,Q15717
2325,P35637
2326,Q96PU8
2327,Q15717
2328,Q9Y6M1
2329,P26599
2330,Q07955
2331,Q49AS9
2332,Q07955
2333,O00425
2334,Q9UKV8
2335,P35637
2336,Q9Y6M1
2337,B7ZL34
2338,Q4G0J3
2339,Q01844
2340,Q9UL18
2344,Q07955
2345,Q13148
2346,Q15717
2347,Q49AS9
2348,Q9UL18
2352,Q15717
2353,Q9UKV8
2354,Q9HCE1
2355,P35637
2356,Q15717
2357,Q01844
2358,O00425
2359,Q15717
2360,Q9UL18
2364,Q9Y6M1
2365,P35637
2366,Q07955
2367,Q9Y6M1
2368,Q15717
2369,Q15717
2370,Q13148
2371,Q9Y6M1
2372,O00425
2373,Q9NZI8
2374,Q15717
2375,Q07955
2376,P35637
2377,Q49AS9
2378,Q9NZI8
2379,Q13148
2380,Q9Y6M1
2381,P26599
2382,Q15717
2383,Q49AS9
2384,Q13148
2385,Q01844
2386,Q15717
2387,P31483
2388,P35637
2389,Q01844
2390,Q15717
2391,Q8NDV7
2394,Q9Y6M1
2395,O00425
2396,Q01844
2397,Q9NZI8
2398,Q15717
2399,Q15717
2400,Q15717
2401,P78345
2402,Q15717
2403,Q9Y6M1
2404,P35637
2405,Q8NDV7
2408,P26599
2409,Q9Y6M1
2410,Q15717
2411,Q15717
2412,Q15717
2413,Q9NZI8
2414,Q9UKV8
2415,Q15717
2416,Q15717
2417,Q01844
2418,P17980
2419,Q9UL18
2423,Q9Y6M1
2424,Q15717
2425,Q15717
2426,Q9Y6M1
2427,Q15717
2428,O00425
2429,Q15717
2430,Q13148
2431,Q15717
2432,Q15717
2433,Q9NZI8
2434,Q07955
2435,Q9HCE1
2436,Q15717
2437,Q07955
2438,Q07955
2439,Q15717
2440,Q15717
2441,Q13148
2442,Q13148
2443,P31483
2444,Q9Y6M1
2445,P35637
2446,Q49AS9
2447,Q9Y6M1
2448,Q9NZI8
2449,O00425
2450,Q49AS9
2451,Q15717
2452,O00425
2453,P35637
2455,Q9Y6M1
2456,O00425
2457,Q15717
2458,O00425
2459,Q15717
2460,Q15717
2461,Q9NZI8
2462,Q15717
2463,O00425
2464,Q9NZI8
2465,Q9Y6M1
2466,Q15717
2467,Q15717
2468,Q9UKV8
2469,Q13148
2470,P35637
2471,Q13148
2472,Q9NZI8
2473,Q49AS9
2474,O00425
2475,Q13148
2477,Q15717
2478,Q07955
2479,Q9NZI8
2480,Q07955
2481,Q01844
2482,Q15717
2484,P35637
2485,O00425
2486,P35637
2487,Q15717
2488,O00425
2489,Q9Y6M1
2490,P35637
2491,Q15717
2492,Q13148
2493,Q15717
2494,Q15717
2495,P35637
2496,Q15717
2497,Q15717
2498,Q9Y6M1
2499,Q07955
2500,O94992
2501,Q07955
2502,Q9UL18
2506,Q9Y2X3
2507,P31483
2508,Q9NZI8
2509,Q15717
2510,O00425
2511,Q9NZI8
2512,Q15717
2513,B7ZL34
2514,Q9UL18
2518,Q9NZI8
2519,Q15717
2520,Q06787
2521,Q9NZI8
2522,Q15717
2523,Q15717
2524,Q13148
2525,Q13148
2526,Q15717
2527,Q15717
2528,O00425
2529,O00425
2530,Q9NZI8
2531,Q07955
2532,Q15717
2533,Q15717
2534,Q9UKV8
2535,Q9UKV8
2536,O00425
2537,Q15717
2538,Q13148
2539,O00425
2540,Q9NZI8
2541,Q49AS9
2542,Q9Y6M1
2543,P31483
2544,O00425
2545,Q9UL18
2549,Q07955
2550,Q8NDV7
2553,Q15717
2554,Q15717
2555,P35637
2556,Q4G0J3
2557,Q8NDV7
2560,Q13148
2561,Q15717
2562,O00425
2563,Q49AS9
2564,Q15717
2565,P35637
2566,P35637
2567,Q15717
2568,Q49AS9
2569,Q49AS9
2570,Q9UL18
2574,Q13148
2575,O00425
2576,Q07955
2577,P35637
2578,Q07955
2579,P26599
2580,Q9Y6M1
2581,Q01844
2582,P31483
2583,P35637
2584,Q15717
2585,Q9Y6M1
2586,Q9NZI8
2587,P10155
2588,Q07955
2589,P35637
2590,P35637
2591,Q49AS9
2592,O00425
2593,Q15717
2594,Q15717
2595,Q15717
2596,Q07955
2597,Q15717
2598,O00425
2599,Q9NZI8
2600,Q9Y6M1
2601,Q15717
2602,Q9UKV8
2603,P31483
2604,Q15717
2605,Q15717
2606,Q49AS9
2607,Q13148
2608,P09132
2609,Q49AS9
2610,Q07955
2611,O00425
2612,Q9NZI8
2613,Q13148
2614,Q07955
2615,Q9HCE1
2616,Q9Y6M1
2617,P31483
2618,Q9NZI8
2619,Q15717
2620,Q13148
2621,Q9NZI8
2622,Q15717
2623,P35637
2624,P35637
2625,Q15717
2626,P35637
2627,Q9NZI8
2628,Q96PU8
2629,Q9NZI8
2630,P35637
2631,P26599
2632,Q01844
2634,Q15717
2635,O00425
2636,B7ZL34
2637,P31483
2638,Q9Y6M1
2639,Q15717
2640,Q15717
2641,P31483
2642,Q15717
2643,Q15717
2644,Q13148
2645,P35637
2646,Q9Y6M1
2647,Q13148
2648,P35637
2649,Q96PU8
2650,Q15717
2651,Q9Y6M1
2652,Q9UKV8
2653,Q49AS9
2654,P35637
2655,Q9UKV8
2656,Q15717
2657,Q13148
2658,Q07955
2659,Q9UKV8
2660,P35637
2661,Q49AS9
2662,Q49AS9
2663,Q9HCE1
2664,Q7L014
2665,O00425
2666,Q9NZI8
2667,Q9UKV8
2668,Q15717
2669,Q9UKV8
2670,P26599
2671,Q6PJX3
2672,Q9NZI8
2673,B7ZL34
2674,Q15717
2675,Q49AS9
2676,B7ZL34
2677,Q9UL18
2681,Q01844
2682,Q15717
2683,Q9Y6M1
2684,Q9NZI8
2685,Q15717
2686,Q9Y6M1
2687,Q15717
2688,Q9HCE1
2689,Q07955
2690,P35637
2691,Q9UKV8
2692,Q15717
2694,Q13148
2695,P35637
2696,P26599
2697,Q96PU8
2698,P26599
2699,Q9UL18
2703,Q9UKV8
2704,Q9Y6M1
2705,Q15717
2706,Q15717
2707,Q15717
2708,P35637
2709,Q49AS9
2710,Q15717
2711,Q49AS9
2712,Q9NZI8
2713,Q9Y6M1
2714,O00425
2715,Q9Y6M1
2716,Q9NZI8
2717,Q15717
2718,P31483
2719,Q07955
2720,P35637
2721,P26599
2722,Q13148
2724,Q15717
2725,P09234
2726,Q15717
2727,Q49AS9
2728,Q9Y6M1
2729,O00425
2730,Q13148
2731,Q07955
2732,Q9Y6M1
2733,Q9UKV8
2734,Q15717
2735,Q15717
2736,Q9HCE1
2737,O00425
2738,Q15717
2739,P35637
2740,Q15717
2741,Q13148
2742,Q13148
2743,P26599
2744,Q15717
2745,Q13148
2746,Q15717
2747,Q15717
2748,Q96PU8
2749,Q9Y6M1
2750,P31483
2751,Q15717
2752,P26599
2753,Q9UKV8
2754,Q15717
2755,Q13148
2756,O00425
2757,Q15717
2758,Q15717
2759,Q15717
2760,P26599
2761,Q9Y6M1
2762,Q9HCE1
2763,Q9Y6M1
2764,Q9NZI8
2765,Q15717
2766,Q9UKV8
2767,Q9Y6M1
2768,Q9Y6M1
2769,B7ZL34
2770,P35637
2771,Q15717
2772,O00425
2773,P35637
2774,Q15717
2775,Q9Y6M1
2776,Q15717
2777,Q9UKV8
2778,P26599
2779,Q07955
2780,Q15717
2781,Q15233
2782,Q15233
2783,Q07955
2784,Q9NZI8
2785,Q9NZI8
2786,Q9NZI8
2787,Q9UKV8
2788,Q49AS9
2789,Q9Y6M1
2790,Q9UKV8
2791,Q49AS9
2792,Q13148
2793,Q15717
2794,Q49AS9
2795,P08621
2796,O00425
2797,P26599
2798,B7ZL34
2799,P31483
2800,Q9Y6M1
2801,Q96PU8
2802,Q49AS9
2803,Q15717
2804,Q9NZI8
2805,Q13148
2806,Q49AS9
2807,Q15717
2808,Q9UL18
2812,Q07955
2813,Q49AS9
2814,Q8NDV7
2817,Q15717
2818,Q9NZI8
2819,Q15717
2820,Q01844
2821,Q9UKV8
2822,Q9Y6M1
2823,Q13148
2824,Q13148
2825,Q15717
2826,P31483
2827,Q15717
2828,Q9Y6M1
2829,O00425
2830,Q9NZI8
2831,P35637
2832,Q15022
2833,O00425
2834,Q15717
2835,Q15717
2836,Q15717
2837,P35637
2838,Q8NDV7
2841,P31483
2842,Q9NZI8
2843,Q13148
2844,O00425
2845,Q15717
2846,Q9NZI8
2847,P35637
2848,Q13148
2849,Q8NDV7
2852,Q9HCE1
2853,Q9NZI8
2854,Q07955
2855,P35637
2856,Q9UL18
2860,Q15717
2861,Q96PU8
2862,Q15717
2863,Q49AS9
2864,P31483
2865,P35637
2866,Q15717
2867,P31483
2868,Q49AS9
2869,Q9UL18
2873,P35637
2874,Q9UL18
2878,Q13148
2880,Q01844
2881,O00425
2882,Q9Y6M1
2883,Q15717
2884,Q15717
2885,P31483
2886,P31483
2887,Q9HCE1
2888,P26599
2889,Q9NZI8
2890,Q15717
2891,Q9HCE1
2893,O00425
2894,Q15717
2895,Q15717
2896,Q13148
2897,Q07955
2898,Q9NZI8
2899,Q9Y6M1
2900,P35637
2901,Q49AS9
2902,O00425
2903,Q15717
2904,Q9NZI8
2905,Q15717
2906,Q07955
2907,P35268
2908,Q15717
2909,P31483
2910,Q9NZI8
2911,Q9Y6M1
2912,P31483
2913,Q15717
2914,P35637
2915,Q15717
2916,Q9Y6M1
2917,P35637
2918,P26599
2919,Q49AS9
2920,Q9Y6M1
2921,Q15717
2922,Q9NZI8
2923,Q96PU8
2924,O00425
2925,Q13148
2926,Q9UL18
2930,Q15717
2931,Q9UKV8
2932,Q07955
2933,Q9HCE1
2934,Q15717
2935,Q9NZI8
2936,Q49AS9
2937,Q01844
2938,Q07955
2939,O00425
2940,Q07955
2941,Q15717
2942,B7ZL34
2943,O00425
2944,Q13148
2945,Q07955
2946,O00425
2947,Q15717
2948,P35637
2949,Q9HCE1
2950,P31483
2951,Q9NZI8
2952,Q9Y6M1
2953,Q8NDV7
2956,O00425
2957,P26599
2958,O00425
2959,Q07955
2960,Q13148
2963,Q9UL18
2967,Q49AS9
2968,Q9NZI8
2969,Q49AS9
2970,O00425
2971,Q15717
2972,Q49AS9
2973,Q01844
2974,P26599
2975,Q9HCE1
2976,Q15717
2977,Q15717
2978,Q9Y6M1
2979,Q01844
2980,Q07955
2981,Q49AS9
2982,O00425
2983,Q49AS9
2985,Q15717
2986,Q15717
2987,Q9Y6M1
2988,P35637
2989,Q9NZI8
2990,Q15717
2991,P26599
2992,Q07955
2993,Q15717
2994,Q8NDV7
2997,Q9Y6M1
2998,Q15717
2999,Q15717
3000,Q15717
3001,O00425
3002,P35637
3003,P35637
3004,Q15717
3005,Q15717
3006,Q15717
3007,Q9Y6M1
3008,Q9Y6M1
3009,Q9NZI8
3010,O00425
3011,B7ZL34
3012,O00425
3013,P35637
3014,Q15717
3015,P35637
3016,Q15717
3017,P31483
3018,O00425
3019,Q9NZI8
3020,Q49AS9
3021,Q9Y6M1
3022,Q49AS9
3023,Q8NDV7
3026,Q15717
3027,Q49AS9
3028,B7ZL34
3029,Q9Y6M1
3030,Q15717
3031,Q07955
3032,Q49AS9
3033,Q13148
3034,Q13148
3035,Q15717
3036,P26599
3037,Q8NDV7
3040,Q9NZI8
3041,O00425
3042,Q9UL18
3046,Q07955
3047,Q9NZI8
3048,Q15717
3049,Q07955
3050,Q13148
3051,Q9NZI8
3052,Q49AS9
3053,Q9Y6M1
3054,B7ZL34
3055,Q15910
3056,Q07955
3057,Q15717
3058,Q07955
3059,Q15717
3060,Q49AS9
3061,Q9Y6M1
3062,Q9UKV8
3063,Q9NZI8
3064,Q07955
3065,Q9Y6M1
3066,Q15717
3067,Q9Y6M1
3068,Q49AS9
3069,Q13148
3070,O00425
3071,Q9Y6M1
3072,Q15717
3073,P35637
3074,Q07955
3075,Q9HCE1
3076,P23246
3077,P23246
3078,B7ZL34
3079,O00425
3080,Q9Y6M1
3081,Q15717
3082,O43251
3083,Q01844
3084,Q49AS9
3085,Q07955
3086,O00425
3087,P35637
3088,Q9Y6M1
3089,Q49AS9
3090,Q01844
3091,Q9Y6M1
3092,O00425
3093,P26599
3094,Q13148
3095,Q49AS9
3096,O00425
3097,Q49AS9
3098,O00425
3099,Q07955
3100,Q15717
3101,Q9Y6M1
3102,P26599
3103,P10155
3104,P31483
3105,Q9NZI8
3106,P31483
3108,Q07955
3109,O00425
3110,Q15717
3111,Q15717
3112,Q9Y6M1
3113,P35637
3114,P26599
3115,P35637
3116,Q9HCE1
3117,Q15717
3118,Q9Y6M1
3119,Q9NZI8
3120,Q07955
3121,Q15717
3122,Q15717
3123,Q9Y6M1
3124,Q15717
3125,Q49AS9
3126,P26599
3127,P35637
3128,P31483
3129,O00425
3130,O00425
3131,Q13148
3132,Q13148
3133,Q49AS9
3134,Q15717
3135,Q15717
3136,Q9Y6M1
3137,Q01844
3138,Q9UL18
3142,Q9NZI8
3143,Q15717
3144,Q9NZI8
3145,Q15717
3146,Q15717
3147,P31483
3148,Q15717
3149,Q15717
3150,Q9Y6M1
3151,Q49AS9
3152,Q9Y6M1
3153,P26599
3154,Q9Y6M1
3155,Q15717
3156,Q9UKV8
3157,P35637
3158,O00425
3159,O00425
3160,O00425
3161,P35637
3162,P26599
3163,P35637
3164,Q49AS9
3165,Q9Y6M1
3166,Q15717
3167,Q15717
3168,Q15717
3169,Q07955
3170,B7ZL34
3171,Q07955
3172,Q15717
3173,Q15717
3174,Q96PU8
3175,O00425
3176,Q15717
3177,Q15717
3178,O00425
3179,P31483
3180,P35637
3181,Q49AS9
3182,Q9NZI8
3183,Q9NZI8
3184,Q9Y6M1
3185,Q9UL18
3189,Q07955
3190,P11940
3191,P35637
3192,P35637
3193,Q15717
3194,Q49AS9
3195,Q9NZI8
3196,Q15717
3197,Q15717
3198,P26599
3199,Q01844
3200,Q13148
3201,Q07955
3202,P31483
3203,Q9NZI8
3204,Q9UKV8
3205,Q15717
3206,Q49AS9
3207,Q9NZI8
3208,Q15717
3209,P31483
3210,B7ZL34
3211,Q9NZI8
3212,P35637
3213,Q9HCE1
3214,Q9HCE1
3215,Q15717
3216,Q49AS9
3217,Q01844
3218,Q13148
3219,Q15717
3220,Q9Y6M1
3221,Q15717
3222,P26599
3223,Q96PU8
3224,Q07955
3225,Q9Y6M1
3226,Q15717
3227,Q13148
3228,Q9UL18
3232,Q49AS9
3233,O00425
3234,Q15717
3235,P31483
3236,P31483
3237,P26599
3238,Q13148
3239,P35637
3241,Q15717
3242,P35637
3243,Q07955
3244,Q15717
3245,Q9HCE1
3246,P31483
3247,Q9UKV8
3248,O00425
3249,Q15717
3250,Q9NZI8
3251,Q9UKV8
3252,P31483
3253,O00425
3254,Q49AS9
3255,Q15717
3256,Q9NZI8
3257,Q15717
3258,Q96PU8
3259,Q15717
3260,Q9HCE1
3261,Q9UKC9
3262,Q13148
3263,Q15717
3264,Q9Y6M1
3265,Q13148
3266,Q9Y6M1
3267,P26599
3268,Q07955
3269,O00425
3270,P35637
3271,Q15717
3272,Q15717
3273,Q15717
3274,Q9NZI8
3275,Q07955
3276,Q01844
3277,P35637
3278,Q9NZI8
3279,Q07955
3280,Q9NZI8
3281,P26599
3282,Q13148
3283,P35637
3284,Q49AS9
3285,P26599
3286,Q01844
3287,Q96PU8
3288,O00425
3289,Q49AS9
3290,Q49AS9
3291,Q9HCE1
3292,Q15717
3293,Q9HCE1
3294,Q9NZI8
3295,P35637
3296,Q15717
3299,Q15717
3300,Q49AS9
3301,Q15717
3302,P35637
3303,B7ZL34
3304,P07910
3305,Q9Y6M1
3307,P26599
3308,Q49AS9
3309,Q9NZI8
3310,Q9UKV8
3311,Q15717
3312,Q15717
3313,Q13148
3314,Q15717
3315,Q9Y6M1
3316,P37108
3317,Q49AS9
3318,Q9Y6M1
3319,Q9UL18
3323,P35637
3324,Q15022
3325,Q15022
3326,Q15717
3327,Q13148
3328,P31483
3329,Q13148
3330,Q01844
3331,Q9NZI8
3332,P26599
3333,Q07955
3334,Q9UKV8
3335,Q96PU8
3336,Q15717
3337,Q9Y6M1
3338,Q49AS9
3339,Q9HCE1
3340,Q8NDV7
3343,Q9HCE1
3344,P35637
3345,Q15717
3346,Q49AS9
3347,Q15717
3348,Q13148
3349,Q9Y6M1
3350,O00425
3351,Q15717
3352,P35637
3353,O00425
3354,P35637
3355,Q96PU8
3356,P26599
3357,O00425
3358,Q01844
3359,Q13595
3360,P31483
3362,O00425
3363,Q9Y6M1
3364,Q07955
3365,Q9UL18
3370,P35637
3371,Q07955
3372,P31483
3373,Q15717
3374,P35637
3375,O00425
3377,P26599
3378,Q49AS9
3379,Q9UL18
3383,P35637
3384,Q9HCE1
3385,Q13148
3386,P26599
3387,P31483
3388,Q13148
3389,Q13148
3390,Q9UL18
3394,P35637
3395,Q9Y6M1
3396,Q9UKL0
3397,Q07955
3398,Q4G0J3
3399,Q49AS9
3400,P35637
3401,Q07955
3402,Q15717
3403,Q01844
3404,Q15717
3405,Q9NZI8
3406,Q15717
3407,Q15717
3408,P26599
3409,P35637
3410,Q49AS9
3411,P26599
3412,Q49AS9
3413,Q13148
3414,Q9HCE1
3415,Q15717
3416,P31483
3417,Q9HCE1
3418,Q07955
3419,P35637
3420,O00425
3421,Q96PU8
3422,P31483
3423,Q9Y6M1
3424,Q15717
3425,Q13148
3426,Q9Y6M1
3427,P35637
3428,Q49AS9
3429,Q15717
3430,Q9NZI8
3431,B7ZL34
3432,Q07955
3433,Q15717
3434,Q9Y6M1
3435,Q15717
3436,Q13148
3437,Q49AS9
3438,Q9HCE1
3439,Q13148
3440,B7ZL34
3441,P31483
3442,P26599
3443,P31483
3444,Q9Y6M1
3445,Q9NZI8
3446,Q9Y6M1
3447,Q07955
3448,Q9UKV8
3449,Q9HCE1
3450,B7ZL34
3451,Q01844
3452,Q9UL18
3456,P35637
3457,Q49AS9
3458,Q15717
3459,Q15717
3460,Q15717
3461,Q07955
3462,Q07955
3463,Q07955
3464,P35637
3465,Q9UKV8
3466,Q13148
3467,B7ZL34
3468,Q07955
3469,Q9NZI8
3470,Q9NZI8
3471,Q07955
3472,Q9HCE1
3473,Q15717
3474,Q9HCE1
3475,Q9UKV8
3476,Q01844
3477,Q9UL18
3481,Q07955
3482,Q9HCE1
3483,P35637
3484,Q15717
3485,Q9NZI8
3486,Q15022
3487,Q07955
3488,O00425
3489,Q8NDV7
3492,P08579
3493,Q15717
3494,P31483
3495,Q9UKV8
3496,Q15717
3497,P35637
3498,Q9UKV8
3499,O00425
3500,Q15717
3501,Q15717
3502,Q15717
3503,B7ZL34
3504,Q15717
3505,Q9NZI8
3506,Q07955
3507,Q13148
3508,Q96PU8
3509,Q01844
3510,P31483
3511,Q13148
3512,Q13148
3513,P26599
3514,P31483
3515,Q15717
3516,Q9Y6M1
3517,Q49AS9
3518,Q07955
3519,Q9HCE1
3520,P31483
3521,P26599
3522,Q15717
3523,Q49AS9
3524,Q07955
3525,P35637
3526,Q13148
3527,Q15717
3529,Q13148
3530,O00425
3531,Q9Y6M1
3532,P35637
3533,Q13148
3534,O00425
3535,Q9Y6M1
3536,P35637
3537,B7ZL34
3538,Q01844
3539,Q96PU8
3540,P35637
3541,Q15717
3542,Q15717
3543,O00425
3544,P31483
3545,Q15717
3546,Q49AS9
3547,Q9Y6M1
3548,P26599
3549,Q15717
3550,P26599
3551,Q9UKV8
3552,P35637
3553,O00425
3554,Q9HCE1
3555,Q49AS9
3556,O00425
3557,Q13148
3558,P26599
3559,P35637
3560,Q07955
3561,Q15717
3562,O00425
3563,Q15717
3564,Q49AS9
3565,Q9NZI8
3566,O00425
3567,O00425
3568,Q13148
3569,P26599
3570,Q9HCE1
3571,Q9HCE1
3572,P35637
3573,P31483
3574,O00425
3575,Q15717
3576,Q9Y6M1
3577,Q9UKV8
3578,P35637
3579,Q15717
3580,O00425
3581,Q15717
3582,Q9NZI8
3583,Q9UKV8
3584,Q15717
3585,Q15717
3586,Q8NDV7
3589,P35637
3590,Q15717
3591,Q9UKV8
3592,Q15717
3593,Q9NZI8
3594,Q8NDV7
3597,Q13148
3598,P35637
3599,P26599
3600,Q15717
3601,Q49AS9
3602,Q15717
3603,Q15717
3604,P26599
3605,Q9NZI8
3606,P35637
3607,P49458
3608,P49458
3609,P49458
3610,P49458
3611,P49458
3612,P49458
3613,P49458
3614,P49458
3615,P49458
3616,P49458
3617,P49458
3618,P49458
3619,Q15717
3620,O00425
3621,O00425
3622,Q07955
3623,Q15717
3624,Q15717
3625,O00425
3626,Q9Y6M1
3627,Q15717
3628,Q15717
3629,P26599
3630,P31483
3631,O00425
3632,Q15717
3633,O00425
3634,Q9Y6M1
3635,Q15717
3636,Q07955
3637,Q15717
3638,Q07955
3639,P31483
3640,Q8NDV7
3643,Q9NZI8
3644,Q15717
3645,O00425
3646,Q15717
3647,O00425
3648,Q49AS9
3649,Q15717
3650,Q15717
3651,P35637
3652,Q15717
3653,Q15717
3654,O00425
3656,O00425
3657,P35637
3658,Q15717
3659,Q15717
3660,Q15717
3661,O94992
3662,Q15717
3663,Q15717
3664,Q9NZI8
3665,Q9Y6M1
3666,Q13148
3667,P31483
3668,Q9NZI8
3669,Q8NDV7
3672,Q8NDV7
3675,Q96PU8
3676,Q07955
3677,Q15717
3678,Q13148
3679,Q07955
3680,Q13148
3681,O00425
3682,Q9NZI8
3683,O00425
3684,Q8NDV7
3687,P35637
3688,P35637
3689,Q9Y6M1
3690,Q96PU8
3691,P26599
3692,P26599
3693,Q15717
3694,O43251
3695,Q9NZI8
3696,Q9HCE1
3697,Q15717
3698,Q15717
3699,Q07955
3700,Q9HCE1
3701,Q01844
3702,P35637
3703,Q9Y6M1
3704,Q9Y6M1
3705,Q15717
3706,P35637
3707,Q9NZI8
3708,Q15717
3709,Q15717
3710,O00566
3711,Q9UKV8
3712,O00425
3713,O00425
3714,O00425
3715,Q49AS9
3716,Q15717
3717,P35637
3718,Q13148
3719,Q9NZI8
3720,P31483
3721,Q07955
3722,O00425
3723,Q13148
3724,Q15717
3726,Q9HCE1
3727,P31483
3728,Q15717
3729,Q49AS9
3730,O00425
3731,P35637
3732,Q49AS9
3733,Q9NZI8
3734,P35637
3735,P26599
3736,Q07955
3737,Q9UKV8
3738,Q15717
3739,Q9UL18
3743,Q9UL18
3747,Q9NZI8
3748,Q9NZI8
3749,P31483
3750,Q07955
3751,Q9Y6M1
3752,Q9UL18
3756,Q07955
3757,O00425
3758,Q9NZI8
3759,Q9Y6M1
3760,Q07955
3761,P35637
3762,Q15717
3763,Q9Y6M1
3764,Q9NZI8
3765,Q13148
3766,P35637
3767,Q9UKV8
3768,Q9Y6M1
3769,Q07955
3770,Q9NV31
3771,Q07955
3772,O00425
3773,P26599
3774,Q15717
3775,Q15717
3776,Q15717
3777,Q07955
3778,O00425
3779,Q9Y6M1
3780,Q07955
3781,O00425
3782,Q15717
3783,Q9HCE1
3784,Q15717
3785,Q13148
3786,Q9Y6M1
3787,Q13148
3788,Q9Y6M1
3789,Q15717
3790,Q9NZI8
3791,Q07955
3792,P35637
3793,Q15717
3794,O00425
3795,Q15717
3796,Q13148
3797,O43251
3798,Q9NZI8
3799,P35637
3800,Q15717
3801,P31483
3802,Q01844
3803,Q13148
3804,Q15717
3805,Q01844
3806,P35637
3807,Q49AS9
3808,P35637
3810,Q15717
3811,Q15717
3812,Q15717
3813,O60341
3814,P35637
3815,Q4G0J3
3816,Q13148
3817,B7ZL34
3818,Q07955
3819,Q15717
3820,Q07955
3821,Q9BUL9
3822,Q9UKV8
3823,Q15717
3824,Q9UL18
3828,Q15717
3829,P35637
3830,P35637
3831,Q9UL18
3835,Q9NZI8
3836,Q9NZI8
3837,Q9Y6M1
3838,Q13148
3839,Q9Y6M1
3840,Q07955
3841,Q9UKV8
3842,P31483
3843,O00425
3844,Q07955
3845,Q9Y6M1
3846,Q99575
3847,O00425
3848,Q13148
3849,Q9UKV8
3850,P35637
3851,Q15717
3852,P26599
3853,O00425
3854,Q9NZI8
3855,Q9NZI8
3856,Q49AS9
3857,O00425
3858,Q9NZI8
3859,P35637
3860,Q07955
3861,Q49AS9
3862,Q13148
3863,O00425
3864,P35637
3865,P26599
3866,P35637
3867,Q15717
3868,Q9UKV8
3869,P26599
3870,Q9Y6M1
3871,Q13148
3872,Q13148
3873,P35637
3874,Q15717
3875,Q9UKV8
3876,Q9UKV8
3877,Q13148
3878,Q15717
3879,Q07955
3880,Q07955
3881,Q13148
3882,Q9UL18
3886,Q9Y6M1
3887,Q01844
3888,O00425
3889,Q15717
3890,Q49AS9
3891,Q13148
3892,O00425
3893,O00425
3894,O00425
3895,Q15717
3896,Q13148
3897,P35637
3898,P35637
3901,P35637
3902,Q9NZI8
3903,O60341
3904,Q13148
3905,P35637
3906,Q9Y6M1
3907,P31483
3908,P61964
3909,Q49AS9
3910,O00425
3911,Q9Y6M1
3912,Q15717
3913,Q07955
3914,Q13148
3915,Q15717
3916,Q15717
3917,Q9NZI8
3918,Q9Y6M1
3919,Q49AS9
3920,Q96DI7
3921,Q15717
3923,P35637
3924,P31483
3925,Q15717
3926,P35637
3927,Q49AS9
3928,Q96DU9
3929,P26599
3930,Q9Y6M1
3931,Q07955
3932,Q9UKV8
3933,Q13148
3934,Q9UKV8
3935,Q49AS9
3936,Q07955
3937,Q15717
3938,P35637
3939,P35637
3940,Q07955
3941,O00425
3942,Q9NZI8
3943,P17844
3944,Q9HCE1
3945,Q15717
3946,P31483
3947,Q9HCE1
3948,O00425
3949,Q01844
3950,Q9Y6M1
3951,Q15717
3952,Q9Y6M1
3953,Q9NZI8
3954,Q15717
3955,P35637
3956,Q49AS9
3957,Q07955
3958,Q01844
3959,P35637
3960,P26599
3961,P05455
3962,P26599
3963,Q15717
3964,O60341
3965,Q8NDV7
3968,Q07955
3969,P35637
3970,Q15717
3971,P35637
3972,Q9NZI8
3974,Q07955
3975,Q15717
3976,Q13148
3977,Q01844
3978,Q15717
3979,Q9NZI8
3981,Q9NZI8
3982,Q15717
3983,Q13148
3985,Q07955
3986,Q15717
3987,P05455
3988,P35637
3989,O00425
3990,Q15717
3991,Q9NZI8
3992,Q9NZI8
3993,P26599
3994,Q15717
3995,Q07955
3996,Q13148
3998,Q15717
3999,Q9Y6M1
4000,Q13148
4001,O00425
4002,Q01844
4003,P31483
4004,Q15717
4005,P26599
4006,Q9Y6M1
4007,Q13148
4008,Q15717
4009,Q15717
4010,P26599
4011,Q01844
4012,Q9NZI8
4013,Q9NZI8
4014,Q15717
4015,Q07955
4016,Q07955
4017,O00425
4018,Q15717
4019,B7ZL34
4020,Q9UL18
4024,Q15717
4025,P31483
4026,O00425
4027,Q15717
4028,Q6IPL9
4029,P26599
4030,Q15717
4031,Q49AS9
4032,Q15717
4033,O00425
4034,Q07955
4035,P26599
4036,Q15717
4037,P35637
4038,Q13148
4039,Q15717
4040,Q9Y6M1
4041,P35637
4042,Q07955
4043,Q01844
4044,Q96PU8
4045,Q9HCE1
4046,Q15717
4047,P31483
4048,P26599
4049,O00425
4050,Q9UKV8
4051,P31483
4052,O00425
4053,B7ZL34
4054,P35637
4055,Q15717
4056,Q9NZI8
4057,Q13148
4058,Q07955
4059,Q07955
4060,Q13148
4061,O00425
4062,P04150
4063,Q9NZI8
4064,Q15717
4065,Q15717
4066,Q01844
4067,Q15717
4068,Q15717
4069,Q15717
4070,Q15717
4071,Q15717
4072,Q15717
4073,Q9HCE1
4074,Q96PU8
4075,Q9Y6M1
4076,P26599
4077,Q9HCE1
4078,O00425
4079,Q9UL18
4083,Q15717
4084,Q13148
4085,Q15717
4086,Q9UKV8
4087,Q07955
4088,Q15717
4089,Q15717
4090,Q9NZI8
4091,Q01844
4092,Q15717
4093,Q15717
4094,Q9NZI8
4095,P31483
4096,P26599
4097,Q9NZI8
4098,Q8NDV7
4101,Q9HCE1
4102,Q15717
4103,B7ZL34
4104,Q15717
4105,Q07955
4106,Q9NZI8
4107,Q9NZI8
4108,O00425
4109,Q01844
4110,Q49AS9
4111,Q01844
4112,Q9Y333
4113,Q49AS9
4114,Q07955
4115,Q9NZI8
4116,Q15717
4117,Q15717
4118,P26599
4119,Q9UKV8
4120,O00425
4121,Q9BUQ8
4122,O43251
4123,Q9HCE1
4124,Q13148
4125,Q15717
4126,Q49AS9
4127,Q96G21
4128,Q13148
4129,Q9HCE1
4130,Q01844
4131,Q15717
4132,O00425
4133,Q07955
4134,Q9UKV8
4135,Q15717
4136,Q9UL18
4140,Q15717
4141,Q15717
4142,O00425
4143,P31483
4144,P61964
4145,Q9NZI8
4146,Q15717
4147,P35637
4148,Q07955
4149,O00425
4150,P26599
4151,P35637
4153,Q15717
4154,Q9NZI8
4155,Q9NZI8
4156,Q9NZI8
4157,Q49AS9
4158,Q15717
4159,P31483
4160,B7ZL34
4161,Q49AS9
4162,Q13148
4163,Q15717
4164,Q01844
4165,Q9UL18
4169,Q13148
4170,Q9NZI8
4171,Q01844
4172,Q07955
4173,Q15717
4174,P31483
4175,Q9Y6M1
4176,Q9UL18
4180,Q9UL18
4184,Q9NZI8
4185,Q15717
4186,Q15717
4187,Q9NZI8
4188,Q15717
4189,P35637
4190,P35637
4191,O00425
4192,Q15717
4193,O00425
4194,Q9Y6M1
4195,P35637
4196,Q15717
4197,Q15717
4198,P35637
4199,P35637
4200,Q15717
4201,Q13148
4202,Q07955
4203,Q15717
4204,Q13148
4205,P26599
4206,Q15717
4207,O94992
4208,P35637
4209,Q8NDV7
4212,P49711
4213,Q9Y6M1
4214,Q9HCE1
4215,Q9NZI8
4216,Q9NZI8
4217,Q07955
4218,Q9Y6M1
4219,Q15717
4220,P26599
4221,Q13148
4222,Q13148
4223,Q13148
4224,Q15717
4225,P19338
4226,Q15717
4227,Q13148
4228,Q07955
4229,Q15717
4230,Q9NZI8
4231,O00425
4232,Q07955
4233,Q15717
4235,Q9NZI8
4236,O00425
4237,Q13148
4238,Q15717
4239,Q8NDV7
4242,Q07955
4243,P35637
4244,Q15717
4245,Q15717
4246,Q01844
4247,Q01844
4248,P35637
4250,P35637
4251,Q07955
4253,Q9NZI8
4254,Q9Y6M1
4255,Q49AS9
4256,Q49AS9
4257,Q15717
4258,O00425
4259,Q49AS9
4260,Q15717
4261,Q9NZI8
4262,O00425
4263,P35637
4264,Q49AS9
4265,Q9Y6M1
4266,Q49AS9
4267,Q13148
4268,Q9NZI8
4269,Q15910
4270,O00425
4271,Q49AS9
4272,Q15717
4273,Q8NDV7
4276,Q15717
4277,Q9UKV8
4278,Q49AS9
4279,Q9Y6M1
4280,O00425
4281,Q13148
4282,O94992
4283,Q15717
4284,P35637
4285,O00425
4286,Q15717
4287,Q9UL18
4291,P35637
4292,P35637
4293,Q49AS9
4294,Q07955
4295,Q15717
4296,Q15717
4297,O00425
4298,Q15717
4299,Q15717
4300,Q15717
4301,O00425
4302,P05455
4303,Q15717
4304,O00425
4305,B7ZL34
4306,O00425
4307,Q8NDV7
4310,B7ZL34
4311,Q07955
4312,P35637
4313,P31483
4314,Q15717
4315,P35637
4316,B7ZL34
4317,P35637
4318,Q9UL18
4322,P26599
4323,P31483
4324,P35637
4325,Q9UL18
4329,Q49AS9
4330,Q15717
4331,P61978
4332,P35637
4333,O00425
4334,Q15717
4335,P35637
4336,Q13148
4337,Q15717
4338,P26599
4339,O00425
4340,Q9NZI8
4341,Q07955
4342,Q15717
4343,P35637
4344,P26599
4345,Q49AS9
4346,Q13148
4347,B7ZL34
4348,Q13148
4349,Q13148
4350,O00425
4351,O00425
4352,Q49AS9
4353,B7ZL34
4354,Q15717
4355,Q15717
4356,Q13148
4357,Q9UKV8
4359,Q49AS9
4360,Q15717
4361,Q9HCE1
4362,Q13148
4363,Q15717
4364,Q07955
4365,Q13148
4366,Q15717
4367,Q49AS9
4368,Q13148
4369,Q15717
4370,Q9NZI8
4371,Q9HCE1
4372,Q15717
4373,Q07955
4374,Q9UL18
4378,Q15717
4379,Q9HCE1
4380,Q15717
4381,Q15717
4382,O00425
4383,P35637
4385,Q49AS9
4386,Q15717
4387,O00425
4388,Q01844
4389,Q8WXF1
4390,Q8WXF1
4391,Q15717
4392,Q9Y6M1
4393,Q15717
4394,Q8NDV7
4397,O00425
4398,Q9HCE1
4399,Q8NDV7
4402,Q15717
4403,B7ZL34
4404,Q07955
4405,P26599
4406,O00425
4407,Q9NZI8
4408,P26599
4409,P26599
4410,P31483
4411,Q07955
4412,Q15717
4413,Q9NZI8
4414,Q9Y6M1
4415,Q9NZI8
4416,Q07955
4417,B7ZL34
4418,Q49AS9
4419,Q9Y6M1
4420,Q49AS9
4421,P35637
4422,P35637
4423,Q9Y6M1
4424,Q13148
4425,Q9UL18
4429,Q13148
4430,Q01844
4431,Q9NZI8
4432,Q15717
4433,O00425
4434,Q13148
4435,Q13148
4436,Q13148
4437,Q9NZI8
4438,Q07955
4439,Q9HCE1
4440,Q49AS9
4441,O00425
4442,Q9Y6M1
4443,O00425
4444,Q9HCE1
4445,Q15717
4446,P35637
4447,Q01844
4448,Q15717
4449,Q49AS9
4450,Q07955
4451,Q15717
4452,Q96PU8
4453,Q07955
4454,Q9HCE1
4455,Q49AS9
4456,Q13148
4457,P35637
4458,Q15717
4459,Q9NZI8
4460,Q9NZI8
4461,Q07955
4462,Q07955
4463,O94992
4464,Q13148
4465,Q49AS9
4466,Q15717
4467,P35637
4468,P35637
4469,Q49AS9
4470,Q9NZI8
4471,Q15717
4472,Q6IPL9
4473,O00425
4474,Q07955
4475,Q15717
4476,Q8NDV7
4479,Q15717
4480,B7ZL34
4481,Q13148
4482,Q15717
4483,Q15717
4484,Q9UKV8
4485,Q01844
4486,Q49AS9
4487,Q15717
4488,P31483
4489,Q9Y6M1
4490,Q9UKV8
4491,Q9UL18
4495,Q15717
4496,Q01844
4497,B7ZL34
4498,P31483
4499,Q49AS9
4500,Q15717
4501,Q49AS9
4502,Q7Z3B3
4503,Q15717
4504,Q01844
4505,Q9Y6M1
4506,Q15717
4507,Q8NDV7
4510,Q9Y6M1
4511,Q15717
4512,Q15022
4513,O43251
4515,Q9Y6M1
4516,P35637
4517,Q15717
4518,Q15717
4519,O00425
4520,O00425
4521,Q13148
4522,Q13148
4523,Q15717
4524,Q9UKV8
4525,Q15717
4526,Q07955
4527,Q07955
4528,Q13148
4529,Q9NZI8
4530,Q07955
4531,Q9NZI8
4532,Q9UKV8
4533,O00425
4534,Q15717
4535,Q9HCE1
4536,Q8NDV7
4539,P35637
4540,Q9Y6M1
4542,Q13148
4543,Q9NZI8
4544,P26599
4545,Q15717
4546,P26599
4547,Q9Y6M1
4548,P31483
4549,P26599
4550,Q9Y6M1
4551,Q07955
4552,Q15717
4553,Q9Y6M1
4554,O43251
4555,Q96PU8
4556,Q07955
4557,Q13148
4558,Q49AS9
4559,Q9NZI8
4560,P35637
4561,Q15717
4562,Q15717
4563,Q13148
4564,Q9NZI8
4565,Q13148
4566,Q15717
4567,Q49AS9
4568,Q9NZI8
4569,Q13148
4570,Q13148
4571,Q15717
4572,P35637
4573,Q15717
4574,O00425
4575,Q15717
4576,Q15717
4577,O00425
4578,Q9Y6M1
4580,Q9NZI8
4581,Q01844
4582,Q07955
4583,O00425
4584,Q01844
4585,Q15717
4586,Q15717
4587,O00425
4588,Q13148
4589,P35637
4590,Q15717
4591,Q96PU8
4592,Q9NZI8
4593,Q15717
4595,Q15717
4597,P26599
4598,Q9UKV8
4599,Q15717
4600,Q9Y6M1
4601,Q9NZI8
4602,Q15717
4603,Q15717
4604,Q9NZI8
4605,Q9NZI8
4606,Q13148
4607,Q15717
4608,Q9Y6M1
4609,Q9NZI8
4610,Q9UL18
4614,Q9HCE1
4615,Q15717
4616,O00425
4617,Q07955
4618,Q15717
4619,Q49AS9
4621,Q8NDV7
4624,Q49AS9
4625,Q9HCE1
4626,Q15717
4627,P35637
4628,P83369
4629,Q15717
4630,P35637
4631,Q15717
4632,Q49AS9
4633,O00425
4634,Q9UKV8
4636,Q07955
4637,Q15717
4638,Q15717
4639,Q15717
4640,Q9Y6M1
4641,Q07955
4642,Q49AS9
4643,P26599
4644,O00425
4645,Q15717
4646,Q15717
4647,O00425
4648,P26599
4649,Q9UKV8
4650,Q9UKV8
4651,O00425
4652,Q07955
4653,Q15717
4654,Q9UKV8
4655,O00425
4656,B7ZL34
4657,Q15717
4658,Q13148
4659,Q07955
4660,Q13148
4661,Q9UL18
4665,O95707
4666,O00425
4667,Q13148
4668,Q49AS9
4669,P26599
4670,Q15717
4671,Q15717
4672,Q15717
4673,Q15717
4674,Q49AS9
4675,Q9Y6M1
4676,Q13148
4677,Q15717
4678,Q07955
4679,Q9NZI8
4680,Q9Y6M1
4681,Q07955
4682,Q07955
4683,P26599
4684,Q49AS9
4685,Q9Y6M1
4686,P35637
4687,Q15717
4688,Q9Y6M1
4689,Q49AS9
4690,Q9UKV8
4691,Q07955
4692,Q07955
4693,Q9UL18
4697,O00425
4698,Q49AS9
4699,Q9UL18
4703,P35637
4704,Q01844
4705,Q49AS9
4706,O00425
4707,Q15717
4709,P31483
4710,Q01844
4711,Q07955
4712,Q9UKV8
4713,O00425
4714,Q13148
4715,O00425
4716,O00425
4718,P31483
4719,P26599
4720,Q15717
4721,P26599
4722,O00425
4723,Q15717
4724,Q01844
4725,Q9NZI8
4726,Q15717
4727,P26599
4728,P35637
4729,Q01844
4730,Q15717
4731,Q9NY12
4732,P26599
4733,Q07955
4734,Q9UL18
4738,Q9UKV8
4739,Q15717
4740,Q15717
4741,Q15717
4742,O00425
4743,Q15717
4744,Q01844
4745,Q07955
4746,O00425
4747,Q9NZI8
4748,P35637
4749,Q9Y6M1
4750,Q9UKV8
4751,P31483
4752,P35637
4753,P35637
4754,Q15717
4755,Q07955
4756,P31483
4757,Q15717
4758,Q07955
4759,Q15717
4760,Q13148
4761,Q07955
4762,P26599
4763,Q49AS9
4764,P35637
4765,P35637
4766,Q49AS9
4767,Q49AS9
4768,O00425
4769,Q15717
4770,O00425
4771,Q01844
4772,Q01844
4773,Q07955
4774,O00425
4775,P37231
4776,Q13148
4777,Q07955
4778,Q9UL18
4782,Q13148
4783,Q15717
4784,Q9NZI8
4785,P35637
4786,Q9Y6M1
4787,P35637
4788,Q13148
4789,Q13148
4790,Q15717
4791,Q9HCE1
4792,P26599
4793,Q9Y6M1
4794,Q15717
4795,Q49AS9
4796,Q13148
4797,Q9UKV8
4798,P35637
4799,Q15717
4800,P31483
4801,Q15717
4802,Q9NZI8
4803,Q9UL18
4807,Q9NZI8
4808,Q15717
4809,Q13148
4810,Q49AS9
4811,O00425
4812,P26599
4813,Q9UL18
4817,Q9UL18
4821,Q9UKV8
4822,Q9UKV8
4823,O00425
4824,Q9Y6M1
4825,Q15022
4826,Q15717
4827,P05455
4828,P05455
4829,Q13148
4830,Q07955
4831,Q01844
4832,Q9UL18
4836,Q07955
4837,O00425
4838,Q13148
4839,Q9HCE1
4840,Q13148
4841,Q15717
4842,Q15717
4843,Q07955
4844,Q9Y6M1
4845,Q96PU8
4846,Q07955
4847,Q9Y6M1
4848,Q9UL18
4852,Q9Y6M1
4853,Q15717
4854,Q9Y6M1
4855,P35637
4856,Q15717
4857,Q01844
4858,Q15717
4859,P35637
4860,Q15717
4861,Q96PU8
4862,Q15717
4863,Q13148
4865,Q15717
4866,Q15717
4867,Q9UL18
4871,Q15717
4872,Q9Y6M1
4873,Q15717
4874,Q15717
4875,P26599
4876,P35637
4877,P26599
4878,P10155
4879,Q15717
4880,P31483
4881,Q49AS9
4882,O00425
4883,Q49AS9
4885,Q13148
4886,Q9Y6M1
4887,Q15717
4888,O00425
4889,Q13148
4890,Q96PU8
4891,Q49AS9
4892,P26599
4893,Q15717
4894,Q07955
4895,Q9Y6M1
4896,Q07955
4897,Q13148
4898,Q49AS9
4899,P10155
4900,Q15717
4901,Q13148
4902,Q13148
4903,Q01844
4904,B7ZL34
4905,Q01844
4906,Q15717
4907,Q49AS9
4908,P26599
4909,Q9Y6M1
4910,P35637
4911,Q9Y6M1
4912,Q01844
4913,P35637
4914,Q07955
4915,P31483
4917,O00425
4918,Q15717
4919,Q15717
4920,Q15717
4921,Q49AS9
4922,Q07955
4923,Q13148
4924,Q15717
4925,Q49AS9
4926,Q9NZI8
4927,P31483
4928,Q15717
4929,O00425
4930,Q9Y6M1
4931,Q07955
4932,O00425
4933,Q15717
4934,Q15717
4935,Q15717
4936,O00425
4937,P19338
4938,Q49AS9
4939,Q13148
4940,Q9NZI8
4941,Q15717
4942,Q15717
4943,P31483
4944,Q07955
4945,Q07955
4946,Q13148
4947,P26599
4948,Q9Y6M1
4949,O00425
4950,Q9UL18
4954,Q8NDV7
4957,Q9NZI8
4958,Q15717
4959,Q07955
4960,Q9NZI8
4961,A0PJ92
4962,O00425
4963,Q9NZI8
4964,Q9UKV8
4965,Q9NZI8
4966,Q13148
4967,O00425
4968,Q15717
4969,O00425
4970,O00425
4971,Q49AS9
4972,P26599
4973,O00425
4974,O00425
4975,Q15717
4976,Q07955
4977,O00425
4978,Q9HCE1
4979,Q15717
4980,P31483
4981,Q9Y6M1
4982,P26599
4983,Q07955
4984,Q9UKV8
4985,Q9NZI8
4986,Q15717
4987,Q15717
4988,Q9NZI8
4989,O00425
4990,Q15717
4991,P26599
4992,P35637
4993,Q15717
4994,Q9HCE1
4995,Q01130
4996,P35637
4997,O00425
4998,Q9UKV8
4999,B7ZL34
5000,Q9Y6M1
5001,Q15717
5002,Q9Y6M1
5003,P35637
5004,Q07955
5005,Q49AS9
5006,O75817
5007,Q07955
5008,Q07955
5009,Q9NZI8
5010,Q15717
5011,Q15717
5012,Q15717
5013,Q9NZI8
5014,Q15717
5015,Q15717
5016,Q9HCE1
5017,P31483
5018,Q07955
5019,P26599
5020,P26599
5021,P35637
5022,Q9Y6M1
5024,Q9NZI8
5025,P35637
5026,Q15717
5027,Q9HCE1
5029,Q6IBM8
5030,O00425
5031,Q9Y6M1
5032,P26599
5033,P35637
5034,O00425
5035,O00425
5036,Q9UL18
5040,Q15717
5041,Q15717
5042,Q15717
5043,Q15717
5044,Q15717
5045,Q07955
5046,Q15717
5047,P35637
5048,Q07955
5049,P31483
5050,Q15717
5051,P26599
5052,Q9Y6M1
5053,Q07955
5054,Q13148
5055,O00425
5057,Q9HCE1
5058,Q15717
5059,Q15717
5061,B7ZL34
5062,P35637
5063,Q15717
5064,P35637
5065,Q15717
5066,Q9HCE1
5067,Q8NDV7
5070,Q9Y6M1
5071,O00425
5072,Q9NZI8
5073,Q01844
5074,Q9NZI8
5076,Q15717
5077,Q9Y6M1
5078,Q15717
5079,P35637
5080,Q96PU8
5081,Q9NZI8
5082,Q01844
5083,A2VCT9
5084,Q07955
5085,Q9UKV8
5086,Q49AS9
5087,Q9NZI8
5088,Q9UK45
5089,P35637
5090,Q9NZI8
5091,Q9Y6M1
5092,Q9NZI8
5093,O00425
5094,O00425
5096,P26599
5097,Q15717
5098,Q07955
5099,P26599
5100,Q15717
5101,P35637
5103,Q49AS9
5104,Q15717
5105,P35637
5106,Q15717
5107,Q9UL18
5111,Q15717
5112,P35637
5113,Q9UL18
5117,Q15717
5118,Q15233
5119,P26599
5120,O00425
5121,Q9UL18
5125,Q15717
5126,P35637
5127,P35637
5128,Q15717
5129,Q49AS9
5130,P35637
5131,Q07955
5132,Q49AS9
5133,Q9UKV8
5134,O00425
5135,O00425
5136,Q15717
5137,Q15717
5138,Q15717
5139,Q15717
5140,Q07955
5141,O00425
5142,Q9NZI8
5143,Q96PU8
5144,Q07955
5145,Q15717
5146,Q9NZI8
5147,O00425
5148,Q15717
5149,Q15717
5150,P23246
5151,P23246
5152,Q9UL18
5156,Q15717
5157,P35637
5158,Q07955
5159,Q9NZI8
5160,Q15717
5161,Q15717
5162,Q9UL18
5166,Q01844
5167,Q15717
5168,Q9Y6Y0
5169,Q15717
5170,Q15717
5171,Q49AS9
5172,Q13148
5173,P31483
5174,Q49AS9
5175,Q9Y6M1
5176,Q9NZI8
5177,O00425
5178,Q49AS9
5179,Q9Y6M1
5180,Q15717
5181,Q07955
5182,Q13148
5183,Q07955
5184,Q15717
5185,Q07955
5186,Q15717
5187,Q9UKV8
5188,P26599
5189,Q9UKV8
5190,Q07955
5191,Q9Y6M1
5192,Q96PU8
5193,Q15717
5194,Q9HCE1
5195,Q15717
5196,P31483
5197,Q07955
5198,O00425
5199,Q15717
5200,Q9Y6M1
5201,O00425
5202,Q15717
5203,Q15717
5204,Q15717
5205,Q01844
5206,Q15717
5207,O00425
5208,Q9Y6M1
5209,P35637
5210,Q9UKV8
5211,O00425
5212,Q15717
5213,Q13148
5214,Q07955
5215,Q9UL18
5219,P35637
5220,Q13148
5221,O00425
5222,P35637
5223,O00425
5224,Q9NZI8
5225,P35637
5226,Q49AS9
5227,Q9NZI8
5228,Q15717
5229,Q49AS9
5230,Q15717
5231,Q15717
5232,Q07955
5233,Q9NZI8
5234,O00425
5235,P35637
5236,P26599
5237,Q15717
5238,Q96PU8
5239,Q9UKV8
5240,Q9Y6M1
5241,O00425
5242,P31483
5243,P26599
5244,B7ZL34
5245,Q15717
5246,Q07955
5247,P26599
5248,O00425
5249,O00425
5250,Q15717
5251,Q15022
5252,Q07955
5253,Q07955
5254,Q01844
5255,Q07955
5256,Q07955
5257,Q8NDV7
5260,Q15717
5261,O95793
5262,Q15717
5263,P31483
5264,Q15717
5265,Q15717
5266,Q07955
5267,P35637
5268,O00425
5269,Q15717
5270,Q15717
5271,Q15717
5272,Q9Y6M1
5273,Q15717
5274,Q9UKV8
5275,P31483
5276,Q13148
5277,Q49AS9
5278,O00425
5279,P31483
5280,Q9Y6M1
5281,P38432
5282,P35637
5283,Q15233
5284,Q15233
5285,Q13148
5286,Q9Y6M1
5287,P26599
5288,Q15717
5289,Q15717
5290,Q13148
5291,Q15717
5293,Q07955
5294,Q9Y6M1
5295,P35637
5297,Q9HCE1
5298,Q15717
5299,Q49AS9
5300,Q9UKV8
5301,P26599
5302,Q9Y6M1
5303,P35637
5304,Q9UKV8
5305,Q15717
5306,Q15717
5307,Q15717
5308,Q15717
5309,Q9UKV8
5310,O00425
5311,P31483
5312,Q15717
5313,P35637
5314,Q07955
5315,Q07955
5316,Q13148
5317,Q15717
5318,Q9NZI8
5319,Q9Y6M1
5320,Q9Y6M1
5321,Q13148
5322,Q15717
5323,Q49AS9
5324,Q9Y6M1
5325,Q9Y6M1
5326,Q01844
5327,Q15717
5328,Q9UKV8
5329,P26599
5330,Q15717
5331,Q07955
5332,Q15717
5333,Q15717
5334,Q07955
5335,O00425
5336,B7ZL34
5337,Q15717
5338,O00425
5339,Q8NDV7
5342,P31483
5343,Q9Y6M1
5344,Q9Y6M1
5345,O00425
5346,O00425
5347,Q9Y6M1
5348,Q15717
5349,P31483
5350,Q15717
5351,P35637
5352,Q01844
5353,Q07955
5354,O00425
5355,Q9UL18
5359,Q07955
5360,O00425
5361,Q01844
5362,Q9NZI8
5363,P31483
5364,Q15717
5365,P31483
5366,Q01844
5367,Q15717
5368,Q01844
5369,Q15717
5370,Q15717
5371,P31483
5372,Q9Y6M1
5373,Q9NZI8
5374,Q15717
5375,Q49AS9
5376,Q07955
5377,Q9UL18
5381,Q9HCE1
5382,P35637
5383,O00425
5384,Q15717
5385,P31483
5386,Q9UL18
5390,P26599
5391,Q15717
5392,Q15717
5393,Q15717
5394,Q15717
5395,P35637
5396,Q9Y6M1
5397,Q96PU8
5398,P26599
5399,Q9UKV8
5400,P35637
5401,O00425
5402,Q49AS9
5403,Q9NZI8
5404,P26599
5405,P60842
5406,Q07955
5407,Q9NZI8
5408,P26599
5409,Q15717
5410,Q15717
5411,Q15717
5412,Q9UKV8
5413,Q13148
5414,Q07955
5415,O00425
5416,Q9Y6M1
5417,Q07955
5418,Q49AS9
5419,Q9NZI8
5420,O00425
5421,Q9UKV8
5422,Q07955
5423,Q9UL18
5427,Q15717
5428,Q49AS9
5429,Q9Y6M1
5430,Q9UL18
5434,P35637
5435,Q9Y6M1
5436,O00425
5437,Q9NZI8
5438,Q07955
5439,Q15717
5440,Q07955
5441,B7ZL34
5442,Q15717
5443,P35637
5444,Q96PU8
5445,Q9Y6M1
5446,Q13148
5447,B7ZL34
5448,O00425
5450,Q9UL18
5454,P35637
5455,Q15717
5456,Q9UKV8
5457,Q13148
5458,P26599
5459,P35637
5460,Q13148
5461,Q15717
5462,Q15717
5463,Q15717
5464,Q49AS9
5465,Q9NZI8
5466,Q07955
5467,P37108
5468,P37108
5469,P37108
5470,P37108
5471,P37108
5472,P37108
5473,P37108
5474,P37108
5475,P37108
5476,P37108
5477,P37108
5478,P37108
5479,Q9HCE1
5480,Q13148
5481,Q15717
5482,Q9NZI8
5483,Q13148
5484,Q9HCE1
5486,Q07955
5487,Q9Y6M1
5488,Q9NZI8
5489,O00425
5490,Q13148
5491,Q07955
5492,O15042
5493,Q15717
5494,Q15717
5495,Q15717
5496,Q49AS9
5497,P26599
5498,O00425
5500,P35637
5501,Q9Y6M1
5502,Q07955
5503,P31483
5504,Q96PU8
5505,Q9UL18
5509,P26599
5510,P31483
5511,Q15717
5512,Q49AS9
5513,Q15717
5514,O00425
5515,Q15717
5516,O00425
5517,Q15717
5518,Q15717
5519,Q9Y6M1
5520,P26599
5521,Q49AS9
5522,P31483
5523,B7ZL34
5524,Q9HCE1
5525,Q9Y6M1
5526,P31483
5527,Q49AS9
5528,O00425
5529,Q9HCE1
5530,Q9Y6M1
5531,Q15717
5532,Q9NZI8
5533,Q15717
5534,Q9NZI8
5535,Q96PU8
5536,Q15717
5537,Q9NZI8
5539,Q15717
5541,Q49AS9
5542,Q01844
5543,Q07955
5544,Q9NZI8
5545,Q07955
5546,O00425
5547,Q01844
5548,P35637
5549,P26599
5550,B7ZL34
5551,Q49AS9
5552,Q15717
5553,Q07955
5554,P35637
5555,P31483
5556,O00425
5557,P31483
5558,P26599
5559,O00425
5560,O00425
5561,P26599
5562,Q49AS9
5563,Q15717
5564,O00425
5565,Q9Y6M1
5566,O00425
5567,Q9Y6M1
5568,O00425
5570,O00425
5571,Q9NZI8
5572,O00425
5573,O00425
5574,Q49AS9
5575,Q9NZI8
5576,Q15910
5577,P05455
5578,Q15717
5579,Q07955
5580,Q8NDV7
5583,O00425
5584,Q49AS9
5585,Q9Y6M1
5586,Q9UKV8
5587,Q15717
5588,P61978
5589,P26599
5590,Q9Y6M1
5591,Q13148
5592,P26599
5593,Q9NZI8
5594,P35637
5595,Q01844
5596,Q15717
5597,O00425
5598,B7ZL34
5599,O00425
5600,Q13148
5601,P26599
5602,Q8NDV7
5605,P35637
5606,O00425
5607,Q01844
5608,Q49AS9
5609,P35637
5610,P35637
5611,Q9HCE1
5612,P31483
5613,Q07955
5614,O00425
5615,Q9Y6M1
5616,Q15717
5617,P31483
5618,P35637
5619,Q9Y6M1
5620,Q07955
5622,Q15717
5623,Q15717
5624,Q15717
5626,P35637
5627,Q9NZI8
5628,B7ZL34
5629,Q8NDV7
5632,Q15717
5633,P35637
5634,Q9Y6M1
5635,Q9UKV8
5636,Q15717
5637,B7ZL34
5638,Q8NDV7
5641,Q01844
5642,Q9NZI8
5643,Q01844
5644,Q9NZI8
5645,Q9NZI8
5646,Q9Y6M1
5647,Q9UL18
5651,O43251
5652,Q13148
5653,Q9UL18
5657,O00425
5658,Q49AS9
5659,Q13148
5660,O00425
5661,Q15717
5662,O00425
5663,Q01844
5664,Q9Y6M1
5666,Q15717
5667,Q13148
5668,Q13148
5669,Q9Y6M1
5670,O00425
5672,Q15717
5673,Q9HCE1
5674,P26599
5675,Q15717
5676,Q15717
5677,Q8NDV7
5680,Q49AS9
5681,Q07955
5682,O00425
5683,Q49AS9
5684,P60484
5685,Q9Y6M1
5686,Q15717
5687,Q9NZI8
5688,P31483
5689,P35637
5690,P26599
5691,Q15717
5692,Q15717
5693,O00425
5694,Q15717
5695,Q07955
5696,O00425
5697,Q15717
5698,Q07955
5699,Q49AS9
5700,P31483
5701,Q9Y6M1
5702,Q9UL18
5706,O00425
5707,Q49AS9
5708,Q07955
5709,P35637
5710,O00425
5711,O00425
5712,B7ZL34
5713,Q07955
5715,Q13148
5716,Q07955
5717,O00425
5718,O94992
5719,Q07955
5720,P31483
5721,Q15717
5722,Q96PU8
5723,Q15717
5724,Q9NZI8
5725,Q07955
5726,Q15717
5727,Q15717
5728,Q9Y6M1
5730,O00425
5731,Q9Y6M1
5732,Q6IPL9
5733,Q15717
5734,Q96PU8
5735,Q15717
5736,Q13148
5737,Q9NZI8
5738,O00425
5739,Q49AS9
5740,Q13148
5741,Q07955
5742,Q15717
5743,Q9UL18
5747,P35637
5748,Q15717
5749,Q15717
5750,Q15717
5751,P35637
5752,Q9UL18
5756,P35637
5757,Q96PU8
5758,Q13148
5759,O00425
5760,O00425
5761,O00425
5762,Q15717
5763,Q01844
5764,Q9Y6M1
5765,Q9UKV8
5766,Q9UKV8
5767,P35637
5768,P35637
5769,Q8WXF1
5770,Q8WXF1
5771,Q9Y6M1
5772,P31483
5773,P31483
5774,Q9NZI8
5775,Q49AS9
5776,Q07955
5777,Q15717
5778,P07910
5779,P26599
5780,Q01844
5781,Q15717
5782,Q15717
5783,O00425
5784,Q9NZI8
5785,Q01844
5786,Q13148
5787,O00425
5788,Q15717
5789,P42224
5790,Q15717
5791,Q13148
5792,Q15717
5793,Q49AS9
5794,Q49AS9
5795,Q15717
5797,Q9UL18
5801,P31483
5802,P35637
5803,Q9Y6M1
5804,Q9UKV8
5805,Q13148
5806,Q01844
5807,O00425
5808,P31483
5809,Q3B891
5810,B7ZL34
5811,Q49AS9
5812,P52943
5813,Q15717
5814,Q13148
5815,Q49AS9
5816,Q13148
5817,O00425
5818,B7ZL34
5819,P35637
5820,Q13148
5821,P31483
5822,Q9UKV8
5823,Q49AS9
5824,P31483
5825,Q15717
5826,Q15717
5827,Q49AS9
5828,Q9NZI8
5829,Q15717
5830,Q96PU8
5831,P26599
5832,Q9HCE1
5833,Q49AS9
5834,Q01844
5835,Q9NZI8
5836,Q9HCE1
5837,O00425
5838,Q49AS9
5839,P26599
5840,Q9NZI8
5841,Q15717
5842,Q9NZI8
5843,Q15717
5844,Q49AS9
5845,P17735
5846,Q07955
5847,P26599
5848,Q15717
5849,O00425
5850,Q15717
5851,Q15717
5852,Q15717
5853,Q9NZI8
5854,Q9HCE1
5855,Q07955
5856,B7ZL34
5857,O15116
5858,Q13148
5859,Q9HCE1
5860,Q13148
5861,O00425
5862,Q13148
5863,B7ZL34
5864,O00425
5865,B7ZL34
5866,Q49AS9
5867,Q15717
5868,Q9Y6M1
5869,P35637
5870,Q01844
5871,Q8NDV7
5874,Q15717
5875,Q15717
5876,Q13148
5877,O00425
5878,Q49AS9
5879,Q9NZI8
5880,Q9UL18
5884,Q15717
5885,P26599
5886,O00425
5887,P35637
5888,P31483
5889,Q07955
5890,Q07955
5891,P35637
5892,O00425
5893,Q49AS9
5895,Q49AS9
5896,P35637
5897,O00425
5898,O00425
5899,Q9HCE1
5900,Q07955
5901,P35637
5902,B7ZL34
5903,Q15717
5904,Q49AS9
5905,B7ZL34
5906,O43251
5907,Q15717
5908,B7ZL34
5909,Q49AS9
5910,Q15717
5911,Q9NZI8
5912,P31483
5913,Q15717
5914,Q13148
5915,P31483
5916,O00425
5918,P26599
5919,Q15717
5920,O00425
5921,Q15717
5922,P35637
5923,P35637
5924,Q07955
5925,Q13148
5926,Q15717
5927,Q49AS9
5928,P31483
5929,O00425
5930,Q9Y6M1
5931,Q49AS9
5932,Q49AS9
5933,Q15717
5934,Q15717
5935,P35637
5936,Q15717
5937,Q15717
5938,P31483
5939,O00425
5940,Q07955
5941,Q07955
5942,Q13148
5943,P35637
5945,Q9NZI8
5946,Q49AS9
5947,Q01844
5948,P35637
5949,Q13148
5950,Q96PU8
5952,P35637
5953,Q15717
5954,P26599
5955,Q9NZI8
5956,Q15717
5957,Q5S007
5958,Q07955
5959,O00425
5960,Q15717
5961,Q9HCE1
5962,Q07955
5963,P35637
5965,Q9Y6M1
5966,P05455
5967,P35637
5968,Q9NZI8
5969,P26599
5970,Q15717
5971,Q15717
5972,Q15717
5973,Q49AS9
5974,Q15717
5975,Q9Y6M1
5976,P35637
5977,P31483
5978,Q15717
5979,P31483
5980,P35637
5981,P31483
5982,Q9UL18
5986,Q15717
5987,O00425
5988,Q8NDV7
5991,P31483
5992,Q49AS9
5993,Q49AS9
5994,Q9NZI8
5995,Q15717
5996,P35637
5997,Q07955
5998,Q15717
5999,Q15717
6000,Q13148
6001,P26599
6002,B7ZL34
6003,Q9NZI8
6004,Q9Y6M1
6005,O00425
6006,Q15717
6007,Q15717
6008,Q9HCE1
6009,Q9HCE1
6010,Q9NZI8
6011,P35637
6012,Q15022
6013,Q15022
6014,P31483
6015,Q15717
6016,Q15717
6017,Q49AS9
6018,P49711
6019,Q15717
6020,Q15717
6021,Q9UKV8
6022,Q15717
6023,P26599
6024,Q13148
6025,Q15717
6026,Q01844
6027,Q01844
6028,Q49AS9
6029,Q9Y6M1
6030,O00425
6031,Q49AS9
6032,Q9UKV8
6033,P26599
6034,Q13148
6035,Q9Y6M1
6036,Q15717
6037,Q15717
6038,Q01844
6039,P31483
6040,Q15717
6041,Q13148
6042,P35637
6043,Q15717
6044,Q9HCE1
6045,Q15717
6046,P31483
6047,Q15717
6048,B7ZL34
6049,P31483
6050,Q8NDV7
6053,Q15717
6054,Q96PU8
6055,P35637
6056,O00425
6057,Q13148
6058,P31483
6059,Q9UKV8
6060,Q9UKV8
6061,Q9Y6M1
6062,O43251
6063,O00425
6064,Q9HCE1
6065,Q49AS9
6066,Q13148
6067,P35637
6068,Q15717
6069,Q15717
6070,Q49AS9
6071,P35637
6072,Q9NZI8
6073,Q15717
6074,Q15717
6075,O00425
6076,Q15717
6077,Q15717
6078,Q15717
6079,Q15717
6080,Q15717
6082,O00425
6083,Q9Y6M1
6084,P17735
6085,Q9Y6M1
6086,Q15717
6087,P26599
6088,Q15717
6089,Q9UL18
6093,Q15717
6094,Q07955
6095,B7ZL34
6096,Q15717
6097,Q15717
6098,Q9Y6M1
6099,Q9UL18
6103,Q13148
6104,Q9Y6M1
6105,Q9Y6M1
6106,Q49AS9
6107,Q13148
6108,P35637
6109,Q9UKV8
6110,Q15717
6111,Q9UL18
6115,P35637
6116,P31483
6117,Q15717
6118,Q13148
6119,Q9Y6M1
6120,P35637
6121,P26599
6122,O00425
6124,Q07955
6125,P26599
6126,Q15717
6127,Q15717
6128,Q9NZI8
6129,P31483
6130,Q15717
6131,Q9HCE1
6132,Q15717
6133,Q9UL18
6137,Q01844
6138,Q9Y6M1
6139,Q96PU8
6140,Q15717
6141,Q96PU8
6142,Q9UKV8
6143,P26599
6144,Q15717
6145,Q9NZI8
6146,Q15717
6147,P35637
6148,O43251
6149,Q15717
6150,Q13148
6151,P35637
6152,Q13148
6153,P35637
6154,Q92841
6155,Q13148
6156,P55899
6157,P55899
6158,Q96BK5
6159,P31483
6160,O00425
6161,O00425
6162,Q07955
6163,Q9NZI8
6164,Q15717
6165,Q9Y6M1
6166,Q9Y6M1
6167,P35637
6168,Q07955
6169,O00425
6170,Q13148
6171,Q15717
6172,Q15717
6174,Q15717
6175,P31483
6176,Q15717
6177,Q15717
6178,Q01844
6179,Q13148
6180,Q15717
6181,Q15717
6182,Q15717
6183,Q07955
6184,Q9Y6M1
6185,O00425
6186,P35637
6187,Q15717
6188,P35637
6189,P26599
6190,Q13148
6191,Q07955
6192,Q9NZI8
6193,Q9UL18
6197,P35637
6198,Q49AS9
6199,Q01844
6200,Q07955
6201,P35637
6202,P35637
6203,P35637
6204,Q49AS9
6205,Q9UBU9
6206,Q13148
6208,P35637
6209,B7ZL34
6210,Q8NDV7
6213,Q9Y6M1
6214,Q9NZI8
6215,P09012
6216,Q9Y6M1
6217,Q9NZI8
6218,P35637
6219,Q13148
6220,Q13148
6221,Q15717
6222,Q49AS9
6223,Q15717
6224,Q9Y6M1
6225,P35637
6226,Q13148
6227,Q9UKV8
6228,P31483
6229,P31483
6230,O00425
6231,Q13148
6232,Q9NZI8
6233,Q49AS9
6234,Q07955
6235,Q13148
6236,Q9NZI8
6237,Q49AS9
6238,Q9NZI8
6239,Q9UL18
6243,Q15717
6244,O00425
6245,Q9Y6M1
6246,Q07955
6247,Q07955
6248,Q15717
6249,P35637
6250,Q13148
6251,Q9Y6M1
6252,Q15717
6253,Q15717
6254,O00425
6255,Q15717
6256,Q13148
6257,Q15717
6258,Q9UL18
6262,Q15717
6263,Q15717
6264,Q9UKV8
6265,Q9Y6M1
6266,Q49AS9
6267,Q9NZI8
6268,Q13148
6269,Q9UKV8
6270,Q07955
6271,Q9UL18
6275,Q99575
6276,O00425
6277,Q8NDV7
6280,Q13148
6281,Q13148
6282,O00425
6283,Q07955
6284,Q9UL18
6288,Q01844
6289,Q49AS9
6290,P35637
6291,Q01844
6292,Q15717
6293,P31483
6294,Q9NZI8
6295,Q15717
6296,P35637
6297,Q49AS9
6298,P26599
6299,Q07955
6300,P31483
6301,Q9UL18
6305,Q9UL18
6309,Q15717
6310,Q9Y6M1
6311,Q07955
6312,Q9HCE1
6313,Q07955
6314,Q15717
6315,Q15717
6316,Q9NZI8
6317,Q96PU8
6318,Q8NDV7
6321,Q15717
6322,Q15717
6323,Q15717
6324,O00425
6325,Q49AS9
6326,Q15717
6327,P35637
6328,Q9NZI8
6329,Q13148
6331,Q15717
6332,O14746
6333,Q9NZI8
6335,Q15717
6336,Q9Y6M1
6337,Q13148
6338,P31483
6339,Q9Y6M1
6340,Q01844
6341,P31483
6342,Q9HCE1
6343,Q49AS9
6344,P31483
6345,Q13148
6346,Q01844
6348,Q13148
6349,O00425
6350,Q49AS9
6351,Q9Y6M1
6352,P35637
6353,Q9NZI8
6354,Q15717
6355,Q07955
6356,Q13148
6357,P26599
6358,Q49AS9
6359,P35637
6360,Q01844
6361,Q15717
6362,Q15717
6363,P35637
6364,Q9UKV8
6365,P35637
6366,P35637
6367,Q01844
6368,Q15717
6369,P35637
6370,Q9Y6M1
6371,Q9NZI8
6372,P26599
6373,P35637
6374,Q13148
6375,Q8NDV7
6378,Q07955
6379,O00425
6380,P26599
6381,Q9UL18
6385,Q9Y6M1
6386,O00425
6387,Q15717
6388,Q15717
6389,Q15717
6390,Q15717
6391,Q15717
6392,O00425
6393,P35637
6394,B7ZL34
6395,B7ZL34
6396,Q01844
6397,P26599
6398,Q01844
6399,Q8IUX4
6400,Q9NZI8
6401,Q13148
6402,Q15717
6403,Q07955
6404,P35637
6405,Q15717
6406,Q15717
6407,P35637
6408,Q15717
6410,Q07955
6411,Q15717
6412,P35637
6413,Q15717
6414,O00425
6415,Q15717
6416,Q13148
6417,Q13148
6418,Q96PU8
6419,Q9HCE1
6421,Q9NZI8
6422,Q15717
6423,Q9NZI8
6424,Q07955
6425,Q13148
6426,Q9UL18
6430,P35637
6433,O00425
6434,Q9UKV8
6435,Q07955
6436,Q9Y6M1
6437,Q9UKV8
6438,Q9Y6M1
6439,Q9Y6M1
6440,O00425
6441,Q07955
6442,P35637
6443,O00425
6444,Q07955
6445,Q15717
6446,Q13148
6447,P35637
6448,Q01844
6449,P31483
6450,Q96PU8
6451,P35637
6452,Q15717
6453,Q9Y6M1
6454,Q13148
6455,Q07955
6456,O00425
6457,O00425
6458,Q01844
6459,Q49AS9
6460,Q96PU8
6461,Q15717
6462,Q15233
6463,Q15233
6464,Q9NZI8
6465,Q9HCE1
6466,Q9HCE1
6467,P35637
6468,Q01844
6469,Q9UKV8
6470,Q9NZI8
6471,Q15717
6472,Q9UL18
6476,Q49AS9
6477,Q9UL18
6481,Q49AS9
6482,Q15717
6483,Q9NZI8
6484,Q07955
6485,Q9NZI8
6486,Q15717
6487,Q13148
6488,Q15717
6489,Q9UL18
6493,Q15717
6494,Q15717
6495,Q9HCE1
6496,P35637
6497,Q15717
6498,Q13148
6499,O43172
6500,Q07955
6501,Q8NDV7
6504,O00425
6505,P26599
6506,Q15717
6507,Q49AS9
6508,Q9NZI8
6509,P26599
6510,Q9Y6M1
6511,O00425
6512,O00425
6513,O00425
6514,Q49AS9
6515,Q07955
6516,Q01844
6517,Q15717
6518,Q07955
6519,Q15717
6520,Q15717
6521,Q49AS9
6522,Q15717
6523,Q8NDV7
6526,Q9UKV8
6527,P26599
6528,Q9Y6M1
6529,Q07955
6530,O00425
6531,P26599
6532,Q9Y6M1
6533,Q9NZI8
6535,Q13148
6536,Q9HCE1
6537,Q9NZI8
6538,Q15717
6539,Q9Y6M1
6540,Q96PU8
6541,Q8NDV7
6544,P26599
6545,P35637
6546,P35637
6547,Q49AS9
6548,P31483
6549,Q9UKV8
6550,Q8NDV7
6553,Q9Y6M1
6554,Q9NZI8
6555,Q9NZI8
6556,P35637
6557,Q15717
6558,Q15717
6559,Q15717
6560,Q9NZI8
6561,Q49AS9
6562,O00425
6563,P26599
6564,O00425
6565,Q15717
6566,Q9Y6M1
6567,P26599
6568,Q13148
6569,Q15717
6570,Q49AS9
6571,Q15717
6572,Q9NZI8
6573,Q49AS9
6574,Q07955
6575,Q15717
6576,Q15717
6577,Q15717
6578,O00425
6579,Q15717
6580,B7ZL34
6581,Q15717
6582,Q15717
6583,Q15717
6584,Q01844
6585,Q15717
6586,Q9UKV8
6587,P31483
6588,O00425
6589,P35637
6590,Q13148
6591,Q9UKV8
6592,Q15717
6593,Q13148
6594,Q07955
6595,Q07955
6596,Q49AS9
6597,Q9Y6M1
6598,P35637
6599,Q9UL18
6603,Q13148
6604,Q13148
6605,Q9Y6M1
6606,Q49AS9
6608,Q13148
6609,O00425
6610,Q15717
6611,P35637
6612,Q07955
6613,Q9Y6M1
6614,Q9UKV8
6615,Q15717
6616,Q13148
6617,Q49AS9
6618,Q07955
6619,Q9NZI8
6620,O00425
6621,O00425
6622,O00425
6623,Q8NDV7
6626,Q15717
6627,Q15717
6628,P35637
6629,P31483
6630,Q9Y6M1
6631,P35637
6632,Q49AS9
6633,Q15717
6634,Q9UL18
6638,Q9NZI8
6639,Q49AS9
6640,Q15717
6641,Q15717
6642,Q49AS9
6643,O00425
6644,Q49AS9
6645,Q13148
6646,O00425
6647,P35637
6648,Q9UKV8
6649,Q15717
6650,O00425
6651,P26599
6652,P35637
6653,Q07955
6654,Q49AS9
6655,Q15717
6656,Q07955
6657,Q13148
6658,Q15717
6659,Q15717
6660,Q9HCE1
6661,O00425
6662,Q49AS9
6663,Q9HCE1
6664,Q9Y6M1
6665,Q15717
6666,Q15717
6667,Q13148
6668,Q15717
6669,Q49AS9
6670,Q13148
6671,Q15717
6673,Q49AS9
6674,P35637
6675,Q49AS9
6676,P35637
6677,Q9Y6M1
6678,Q15717
6679,B7ZL34
6680,P35637
6681,O00425
6682,Q15717
6683,O00425
6684,Q9NZI8
6685,Q07955
6686,Q13148
6687,Q15717
6688,Q96PU8
6689,P07910
6690,Q13148
6691,Q9UL18
6695,P26599
6696,Q96PU8
6697,Q15717
6698,Q15717
6699,Q13148
6700,O00425
6701,P35637
6702,O00425
6703,P35637
6704,Q15717
6705,Q15717
6706,Q15717
6707,Q9NZI8
6708,Q15717
6709,O00425
6710,Q9Y6M1
6711,O00425
6712,P31483
6713,P35637
6714,Q15717
6715,Q07955
6716,Q9NZI8
6717,Q13148
6718,P26599
6719,Q9Y6M1
6720,P35637
6721,Q49AS9
6722,Q9Y6M1
6723,Q15717
6724,Q15717
6725,Q07955
6726,Q13148
6727,Q9UL18
6731,O00425
6732,P35637
6733,Q15717
6734,Q9NZI8
6735,Q07955
6736,Q9Y6M1
6737,O00425
6738,P35637
6739,Q13148
6740,Q15717
6741,Q15717
6742,P35637
6743,Q01844
6744,Q07955
6745,Q49AS9
6746,Q07955
6747,P26599
6748,Q9NZI8
6749,Q15717
6750,Q15717
6751,Q9Y6M1
6752,Q15717
6753,P31483
6754,Q8NDV7
6757,Q15717
6758,O00425
6759,Q9UKV8
6760,O00425
6761,P35637
6762,Q9Y6M1
6763,Q49AS9
6764,Q07955
6765,Q15717
6766,O00425
6767,Q8NDV7
6770,P26599
6771,Q15717
6772,P35637
6773,Q07955
6774,Q15717
6775,P26599
6776,Q9UKV8
6777,O00425
6778,Q8NDV7
6781,Q9HCE1
6782,Q9UL18
6786,Q9Y6M1
6787,Q15717
6788,P35637
6789,Q15717
6790,Q01844
6791,O94992
6792,P31483
6793,Q01844
6794,Q49AS9
6795,Q13148
6796,P26599
6797,Q9NZI8
6798,O00425
6799,Q07955
6800,Q13148
6801,P35637
6802,Q15717
6803,Q15717
6804,Q49AS9
6805,Q15717
6806,P26599
6807,Q15717
6808,Q49AS9
6809,Q15717
6810,Q9Y6M1
6811,Q15717
6812,Q15717
6813,Q07955
6814,P26599
6815,P35637
6816,Q9Y6M1
6817,Q9HCE1
6818,Q9Y6M1
6819,Q07955
6820,Q9HCE1
6821,P31483
6822,Q49AS9
6823,Q13148
6824,Q13148
6825,Q13148
6826,Q15717
6827,P31483
6828,Q15717
6829,Q49AS9
6830,O00425
6831,Q9UKV8
6832,B7ZL34
6833,O00425
6834,Q9NZI8
6835,Q13148
6836,B7ZL34
6837,Q15717
6838,Q15717
6839,O00425
6840,Q9UL18
6844,Q07955
6845,Q15717
6846,Q8NDV7
6849,Q15717
6850,Q15717
6851,Q15717
6852,Q13148
6853,Q15717
6854,Q15717
6855,Q07955
6856,O60341
6857,P35637
6858,Q9Y6M1
6859,Q07955
6860,Q07955
6861,Q9NZI8
6862,P26599
6863,Q9HCE1
6864,Q01844
6865,Q9UL18
6869,Q9UKV8
6870,O00425
6871,B7ZL34
6872,P61964
6873,Q9Y6M1
6874,Q15717
6875,Q49AS9
6876,Q9Y6M1
6877,Q49AS9
6878,Q9NZI8
6879,Q15717
6880,Q15717
6881,Q9Y6M1
6882,P31483
6883,Q9Y6M1
6885,Q01844
6886,Q15717
6887,Q49AS9
6888,Q15717
6889,P31483
6890,P31483
6891,Q13148
6892,Q9UL18
6896,Q07955
6897,Q07955
6898,Q8NDV7
6901,P26599
6902,Q15717
6903,Q49AS9
6904,P35637
6905,P35637
6906,Q01844
6907,P35637
6909,P35637
6910,Q96PU8
6911,Q9NZI8
6913,P26599
6914,P31483
6915,Q15717
6916,P35637
6917,P35637
6918,Q9Y6M1
6919,B7ZL34
6920,Q07955
6921,Q49AS9
6922,Q15717
6923,Q15717
6924,Q96PU8
6925,Q01844
6926,Q15717
6927,Q07955
6928,Q01844
6929,Q15717
6930,Q15717
6931,Q9UKV8
6932,Q9NZI8
6933,O00425
6934,Q9Y6M1
6935,Q15717
6936,Q07955
6937,Q13148
6938,Q49AS9
6939,Q9Y6M1
6940,P26599
6941,Q9UL18
6945,P31483
6946,Q15717
6947,O43251
6948,Q15717
6949,Q9Y6M1
6950,Q01844
6951,Q49AS9
6952,Q49AS9
6953,Q15717
6954,Q15717
6955,P35637
6956,Q9HCE1
6957,Q15717
6958,Q49AS9
6959,Q15717
6960,O00425
6961,Q49AS9
6962,P26599
6963,Q15717
6964,P78345
6965,Q15717
6967,Q15717
6968,Q9Y6M1
6969,Q07955
6970,P26599
6971,Q9UL18
6975,Q9NZI8
6976,Q49AS9
6977,Q15717
6978,Q9Y6M1
6979,Q9NZI8
6980,Q15717
6981,Q15717
6982,Q15717
6983,P26599
6984,Q15717
6985,Q9UL18
6989,Q15717
6990,O00425
6991,Q9UL18
6995,Q49AS9
6996,Q15717
6997,P35637
6998,Q49AS9
6999,Q9Y6M1
7000,Q15717
7001,O00425
7002,O00425
7003,Q9Y6M1
7004,Q9NZI8
7005,Q15717
7006,Q07955
7007,P35637
7008,Q15717
7009,P31483
7010,Q13148
7011,Q9NZI8
7012,Q9Y6M1
7013,Q07955
7015,Q9NZI8
7016,P26599
7017,Q13148
7018,Q13148
7019,Q07955
7020,Q9UL18
7024,Q9UKV8
7025,Q01844
7026,B7ZL34
7027,Q15717
7028,Q49AS9
7029,Q13148
7030,Q07955
7031,Q01844
7032,Q15717
7033,P35637
7034,Q8NDV7
7037,Q49AS9
7038,Q07955
7039,Q9UKV8
7040,Q15717
7041,Q07955
7042,Q15717
7043,Q9HCE1
7044,O00425
7045,Q07955
7046,Q15717
7047,P31483
7048,Q49AS9
7049,P35637
7050,Q15717
7051,Q07955
7052,Q15717
7053,O00425
7054,Q15717
7055,Q15717
7056,Q9UL18
7060,Q9Y6M1
7061,Q07955
7062,Q07955
7063,Q07955
7064,Q49AS9
7065,Q9UKV8
7066,Q9UKV8
7067,Q15717
7068,Q9Y6M1
7069,Q15717
7070,Q9UKV8
7071,Q15717
7072,Q13148
7073,Q15717
7074,Q49AS9
7075,Q15717
7076,Q15717
7077,Q9Y6M1
7078,Q15717
7079,Q15717
7080,Q15717
7081,Q9NZI8
7083,Q9NZI8
7084,Q15717
7085,Q9Y6M1
7086,Q9Y6M1
7087,Q07955
7088,B7ZL34
7089,Q15717
7090,Q15717
7091,Q9Y6M1
7092,P26599
7093,P26599
7094,O00425
7095,Q49AS9
7096,P35637
7097,Q15717
7098,O00425
7099,Q07955
7100,Q15717
7101,Q15717
7102,Q13148
7103,P26599
7104,Q9UKV8
7105,Q07955
7106,B7ZL34
7107,Q49AS9
7108,Q07955
7109,Q13148
7110,Q49AS9
7111,Q9UL18
7115,Q13148
7116,Q15717
7117,Q15717
7118,P35637
7119,Q15717
7120,P31483
7121,Q9NZI8
7122,Q13148
7124,Q9UKV8
7125,O00425
7126,Q96PU8
7127,Q15717
7128,O00425
7129,Q15717
7130,P31483
7131,P35637
7132,P35637
7133,Q49AS9
7134,P31483
7135,O00425
7136,Q49AS9
7137,P35637
7138,Q9Y6M1
7139,Q9UKV8
7140,Q15717
7141,Q9Y6M1
7142,Q96PU8
7143,Q15717
7144,Q9Y6M1
7145,Q15717
7146,Q15717
7147,P35637
7148,O43251
7149,Q9UL18
7153,Q15717
7154,Q01844
7155,P35637
7156,Q9Y6M1
7157,O00425
7158,Q15717
7159,Q9Y6M1
7160,Q49AS9
7161,Q15717
7162,Q15717
7163,P26599
7164,Q13148
7165,P31483
7166,Q9UKV8
7167,Q8NDV7
7170,Q15717
7171,Q15717
7172,Q9UL18
7176,Q9UKV8
7177,O00425
7178,Q01844
7179,Q96PU8
7180,Q9UKV8
7181,Q49AS9
7182,P26599
7183,Q07955
7184,Q9NZI8
7185,Q07955
7186,Q9Y6M1
7187,P31483
7188,Q13148
7189,Q15717
7190,Q9UL18
7194,Q15717
7195,Q9NZI8
7196,Q15717
7197,P26599
7198,P26599
7199,P31483
7200,O00425
7201,Q9Y6M1
7202,Q9HCE1
7203,Q15717
7204,Q9NZI8
7205,Q15717
7206,Q15717
7207,Q15717
7208,Q15717
7209,Q49AS9
7210,P35637
7211,Q49AS9
7212,Q9NZI8
7213,Q9NZI8
7214,Q13148
7215,Q07955
7216,Q15717
7217,Q07955
7218,Q13148
7219,Q01844
7220,Q9Y6M1
7221,P35637
7222,Q9HCE1
7223,Q13148
7224,Q13148
7225,O00425
7226,Q15717
7227,B7ZL34
7228,Q13148
7229,Q15717
7230,Q49AS9
7231,Q15717
7232,Q07955
7233,Q49AS9
7234,Q49AS9
7235,Q01844
7236,O00425
7237,Q9UL18
7241,Q49AS9
7242,Q9NZI8
7243,Q49AS9
7244,Q49AS9
7245,Q49AS9
7246,Q9NZI8
7247,Q07955
7248,Q13148
7249,Q49AS9
7250,P35637
7251,Q15717
7252,Q9UKV8
7253,Q07955
7254,Q9NZI8
7255,P35637
7257,Q15717
7258,Q07955
7259,Q9Y6M1
7260,B7ZL34
7261,P19447
7262,Q13148
7263,Q49AS9
7264,Q15717
7265,P31483
7266,O00425
7267,Q01844
7268,Q15717
7269,Q15717
7270,P35637
7271,O00425
7272,P35637
7273,P35637
7274,P26599
7275,Q9HCE1
7276,Q9Y6M1
7277,O94992
7278,Q15717
7279,O00425
7280,P35637
7281,B7ZL34
7282,Q15717
7283,Q9UL18
7287,Q13148
7288,Q15717
7289,Q07955
7290,Q9NZI8
7291,P35637
7292,Q15717
7293,Q49AS9
7294,Q96PU8
7295,Q9Y6M1
7296,Q9HCE1
7297,Q13148
7298,Q96PU8
7299,Q8NDV7
7302,Q15717
7303,Q9Y6M1
7304,Q13148
7305,Q13148
7306,O00425
7307,Q9Y6M1
7308,P26599
7309,Q9Y6M1
7310,O00425
7311,Q13148
7312,O00425
7313,Q15717
7314,Q07955
7315,Q9NZI8
7316,Q9Y4Y9
7317,Q9Y6M1
7318,Q13148
7319,Q13148
7320,Q15717
7321,Q15717
7322,Q96PU8
7323,Q07955
7324,Q9NZI8
7325,Q13148
7326,O00425
7327,Q15717
7328,Q9UL18
7332,Q13148
7333,Q14764
7334,Q14764
7335,O00425
7336,B7ZL34
7337,Q15717
7338,Q15717
7339,P35637
7340,Q9Y6M1
7341,Q15717
7342,Q9UL18
7346,Q9NZI8
7347,Q49AS9
7348,Q49AS9
7349,Q9NZI8
7350,Q9UKV8
7351,Q15717
7352,P35637
7353,Q07955
7354,Q07955
7355,Q13148
7356,Q9NZI8
7357,Q15717
7358,Q9Y6M1
7359,Q15717
7360,Q8NDV7
7363,P35637
7364,Q8NDV7
7367,Q07955
7368,Q9NZI8
7369,P04637
7370,O00425
7371,Q9UKV8
7372,O00425
7373,Q15717
7374,Q15717
7375,Q96PU8
7376,Q15717
7377,O00425
7378,Q9Y6M1
7379,Q15717
7380,Q49AS9
7381,Q07955
7382,Q15717
7383,Q07955
7384,Q15717
7385,Q9UKV8
7386,O00425
7387,P35637
7388,Q15717
7389,Q15717
7390,P26599
7391,Q9UL18
7395,O00425
7396,Q9NZI8
7397,Q9NZI8
7398,Q9Y6M1
7399,Q9NZI8
7400,Q15717
7401,Q07955
7402,P26599
7403,Q9NZI8
7404,O00425
7405,O00425
7406,Q07955
7407,Q07955
7408,Q15717
7409,Q15717
7410,Q49AS9
7411,O00425
7412,Q15717
7413,Q15717
7415,Q15717
7416,Q9NZI8
7417,O00425
7418,Q13148
7420,Q15717
7421,P31483
7422,Q15717
7423,Q49AS9
7424,Q49AS9
7425,Q15717
7426,Q15717
7427,O00425
7428,Q01844
7429,Q9Y6M1
7430,Q13148
7431,Q9UKV8
7432,Q13148
7433,P35637
7434,O00425
7435,Q15717
7436,Q07955
7437,P31483
7438,O00425
7439,Q15717
7440,Q9UKV8
7441,O00425
7442,Q15717
7443,Q07955
7444,P26599
7445,Q9NZI8
7446,P26599
7447,Q9Y6M1
7448,P35637
7449,Q15717
7450,Q07955
7451,P31483
7452,Q9Y6M1
7453,Q9Y6M1
7454,Q49AS9
7455,Q9Y6M1
7456,P31483
7457,Q15717
7458,Q9NZI8
7459,Q49AS9
7461,Q15717
7462,Q07955
7463,P35637
7464,Q15717
7465,Q13148
7466,Q9Y6M1
7467,O00425
7468,Q13148
7469,Q15717
7470,O00425
7471,Q9Y6M1
7472,Q9HCE1
7473,Q9Y6M1
7474,Q9Y6M1
7475,O00425
7476,Q07955
7477,Q9Y6M1
7478,Q15717
7480,P31483
7481,P35637
7482,Q15717
7483,Q9UKV8
7484,P35637
7485,Q9Y6M1
7486,P26599
7487,Q49AS9
7488,Q15717
7489,P35637
7490,Q9Y6M1
7491,Q8NDV7
7494,Q49AS9
7495,Q9UKC9
7496,Q9Y6M1
7497,Q9Y6M1
7498,P35637
7499,Q49AS9
7500,P35637
7501,Q13148
7502,Q9NZI8
7503,P35637
7504,Q15717
7505,Q9NZI8
7506,Q9NZI8
7507,Q07955
7508,P26599
7509,Q9NZI8
7510,Q8NDV7
7513,P26599
7514,Q9NZI8
7515,P31483
7516,Q9UKV8
7517,P35637
7518,Q15717
7519,O00425
7520,Q15717
7521,Q13148
7522,Q15717
7523,Q07955
7525,Q15717
7526,Q15717
7527,Q15717
7528,Q15717
7529,P26599
7530,Q15717
7531,Q15717
7532,Q9UL18
7536,P35637
7537,Q07955
7538,P35637
7539,Q15717
7540,Q15717
7541,P31483
7542,O00425
7543,Q9Y6M1
7544,P35637
7545,P35637
7546,Q13148
7547,Q15717
7548,Q9UL18
7552,Q9NZI8
7553,P35637
7554,P35637
7555,P26599
7556,Q07955
7557,P26599
7558,Q9UL18
7562,B7ZL34
7563,Q15717
7564,Q49AS9
7565,Q15717
7566,Q13148
7567,Q15717
7568,Q15717
7569,O00425
7570,Q49AS9
7571,P31483
7572,Q49AS9
7573,Q9NZI8
7574,B7ZL34
7575,Q9UKV8
7576,Q15717
7577,Q49AS9
7578,Q49AS9
7579,Q9UL18
7583,Q15717
7584,P35637
7585,Q15717
7586,Q96PU8
7587,Q9NZI8
7588,Q13148
7589,Q15717
7590,Q13148
7591,Q15717
7592,Q9NZI8
7593,P35637
7594,Q15717
7595,Q01844
7596,Q15717
7597,Q9UKV8
7598,Q01844
7599,B7ZL34
7600,Q15717
7601,Q49AS9
7602,Q9NZI8
7603,Q9UKV8
7604,Q15717
7605,Q13148
7606,Q15717
7607,O00425
7608,Q13148
7609,P55769
7610,Q07955
7611,Q07955
7612,Q9HCE1
7613,Q9UKV8
7614,O00425
7615,Q15717
7616,Q15717
7617,O00425
7618,Q9NZI8
7619,P31483
7620,Q9UKV8
7621,Q15717
7622,Q15717
7623,Q01844
7624,Q15717
7625,O00425
7626,P35637
7627,Q15717
7628,O00425
7629,Q9UL18
7633,P35637
7634,O94992
7635,Q9NZI8
7636,Q15717
7637,Q9Y6M1
7638,O00425
7639,Q15717
7640,Q9Y6M1
7641,P26599
7642,Q13148
7643,Q9Y6M1
7644,Q15717
7645,Q9UKV8
7646,Q49AS9
7647,O00425
7648,Q15717
7649,Q9NZI8
7650,O00425
7651,P35637
7652,Q07955
7653,Q9UKV8
7654,Q15717
7655,Q4G0J3
7656,Q07955
7657,O00425
7658,Q9NZI8
7659,Q9NZI8
7660,O00425
7661,Q9NZI8
7662,Q8NDV7
7665,Q9HCE1
7666,Q9Y6M1
7667,P35637
7668,Q15717
7669,Q13148
7670,O00425
7671,Q15717
7672,P35637
7673,Q9NZI8
7674,Q96RS0
7675,Q15717
7676,Q07955
7677,Q07955
7678,Q15717
7679,Q07955
7680,Q15717
7681,O00425
7682,Q9UL18
7686,Q07955
7687,Q15717
7689,P35637
7690,P31483
7691,P35637
7693,Q15717
7694,Q01844
7695,P35637
7696,Q9Y6M1
7697,P31483
7698,Q15717
7699,P35637
7700,Q07955
7701,Q49AS9
7702,Q9NZI8
7703,O00425
7704,P35637
7705,O00425
7706,Q9NZI8
7707,Q9UKV8
7708,Q07955
7709,Q9NZI8
7710,Q9NZI8
7711,Q07955
7712,B7ZL34
7713,Q07955
7714,Q07955
7715,Q8WXF1
7716,Q8WXF1
7717,Q13148
7718,Q15717
7719,B7ZL34
7720,Q13148
7721,Q13148
7722,O00425
7723,Q15717
7724,Q9UKV8
7725,Q15717
7726,O00425
7727,Q9Y6M1
7728,P35637
7729,Q15717
7730,Q07955
7731,Q15717
7732,Q9Y6M1
7733,P35637
7734,Q9Y6M1
7735,Q07955
7736,P35637
7737,Q15717
7738,Q8NDV7
7741,P35637
7742,O00425
7743,Q07955
7744,P31483
7745,P26599
7746,P31483
7747,P31483
7748,O00425
7749,Q13148
7750,O00425
7751,P26599
7752,Q49AS9
7753,Q15717
7754,Q8NDV7
7757,Q07955
7758,P26599
7759,P26599
7760,P26599
7761,Q15717
7762,P35637
7763,Q96PU8
7764,P26599
7765,P26599
7766,Q8NDV7
7769,Q9Y6M1
7770,O00425
7771,Q49AS9
7772,O00425
7773,Q15717
7774,Q49AS9
7775,Q15717
7776,Q9UL18
7780,Q9HCE1
7781,P35637
7782,Q49AS9
7783,Q96PU8
7784,Q15717
7785,Q15717
7786,Q9UKV8
7787,Q07955
7788,Q9Y6M1
7789,Q15717
7790,Q15717
7791,Q9HCE1
7792,P35637
7793,Q15022
7794,Q49AS9
7795,P31483
7796,Q9UL18
7801,Q9HCE1
7802,P35637
7803,Q4G0J3
7804,Q13148
7805,O00425
7806,Q9UL18
7810,Q15717
7811,Q9UKV8
7812,Q15717
7813,P26599
7814,Q9UKV8
7815,Q15717
7816,Q15717
7817,Q15717
7818,Q49AS9
7819,Q13148
7820,O00425
7821,Q13148
7822,Q15717
7823,Q15717
7824,P35637
7825,Q9UL18
7829,Q9Y6M1
7830,Q9NZI8
7831,Q9Y6M1
7832,P35637
7833,Q9HCE1
7834,Q13148
7835,P31483
7836,Q15717
7837,Q13148
7838,Q9Y6M1
7839,Q9Y6M1
7840,P26599
7841,P35637
7842,Q9NZI8
7843,Q9NZI8
7844,Q9UL18
7848,Q07955
7849,Q9NZI8
7850,Q15717
7851,Q9Y6M1
7852,Q07955
7853,Q15717
7854,Q15717
7855,Q9NZI8
7856,Q15717
7857,Q15717
7858,Q07955
7859,O00425
7860,Q13148
7861,Q07955
7862,Q15717
7863,Q13148
7864,Q15717
7866,Q9Y6M1
7867,P35637
7868,Q01844
7869,Q13148
7870,Q49AS9
7871,Q15717
7872,Q9Y6M1
7873,Q9HCE1
7874,P26599
7875,Q15717
7876,Q07955
7877,Q9UL18
7881,P26599
7882,Q15717
7883,Q07955
7884,Q01844
7885,P26599
7886,Q15717
7887,Q01844
7888,Q07955
7889,P35637
7890,Q9HCE1
7891,P26599
7892,Q9Y6M1
7893,Q49AS9
7894,Q49AS9
7895,Q15717
7896,Q13148
7897,Q49AS9
7898,Q15717
7899,Q49AS9
7900,O00425
7901,O00425
7902,Q9NZI8
7903,Q9Y6M1
7904,Q15717
7905,Q9Y6M1
7906,Q9NZI8
7907,Q15717
7908,Q15717
7909,O00425
7910,P26599
7911,Q49AS9
7912,O00425
7913,Q15717
7914,Q07955
7915,Q07955
7916,Q49AS9
7918,Q15717
7919,Q07955
7920,Q07955
7921,P26599
7922,P26599
7923,Q07955
7924,Q15717
7925,Q15717
7926,O00425
7927,Q07955
7928,Q9UKV8
7929,Q15717
7930,Q07955
7931,P26599
7932,Q15717
7933,Q15717
7934,Q13148
7935,P35637
7936,Q07955
7937,P31483
7938,P26599
7939,Q15717
7940,Q15717
7941,Q01844
7942,Q9Y6M1
7943,P35637
7944,Q9NZI8
7945,Q15717
7946,P31483
7947,Q15717
7948,O95707
7949,Q13148
7950,Q9NZI8
7951,Q9NZI8
7952,Q07955
7953,Q9Y6M1
7954,Q9NZI8
7955,Q15717
7956,P31483
7957,P26599
7958,Q15717
7959,P35637
7960,Q9NZI8
7961,Q07955
7962,Q13148
7963,Q9NZI8
7964,Q9NZI8
7965,Q9NZI8
7966,Q9NZI8
7967,Q96PU8
7968,Q9HCE1
7969,Q15717
7970,Q15717
7971,Q49AS9
7972,Q9HCE1
7973,O00425
7974,P35637
7975,P35637
7976,Q9UKV8
7977,Q07955
7979,Q49AS9
7980,P35637
7981,Q15717
7982,Q9Y6M1
7983,Q8NDV7
7986,Q15717
7987,O00425
7988,Q07955
7989,Q15717
7990,Q15717
7991,Q9UKV8
7992,Q9HCE1
7993,Q15717
7994,Q9UKV8
7995,Q9Y6M1
7996,Q13148
7997,B7ZL34
7998,Q07955
8000,Q9HCE1
8001,P05455
8002,P31483
8003,Q9Y6M1
8004,Q15717
8005,Q07955
8006,Q9Y6M1
8007,Q49AS9
8008,O00425
8009,Q13148
8010,Q13148
8011,B7ZL34
8012,Q15717
8013,P35637
8014,P26599
8015,Q49AS9
8016,P35637
8017,O00425
8018,Q07955
8019,Q9NZI8
8020,P31483
8021,Q49AS9
8022,Q9UKV8
8023,Q13148
8024,P26599
8025,Q15717
8026,Q9Y6M1
8027,Q8NDV7
8030,Q49AS9
8031,O00425
8033,Q49AS9
8034,Q07955
8035,O94992
8036,O00425
8037,Q9NZI8
8038,P35637
8039,Q15717
8040,Q9HCE1
8041,Q15717
8042,Q07955
8043,P35637
8044,Q49AS9
8045,Q07955
8046,Q07955
8047,Q9Y6M1
8048,P35637
8049,Q15717
8050,O00425
8051,Q13523
8052,Q9UKV8
8054,Q15717
8055,Q07955
8056,Q07955
8057,P26599
8059,Q9NZI8
8060,Q15717
8061,Q49AS9
8062,Q01844
8063,Q15717
8064,Q15717
8065,Q96PU8
8066,O00425
8067,O00425
8068,Q9Y6M1
8069,Q07955
8070,O00425
8071,P31483
8072,Q15717
8073,Q15717
8074,Q49AS9
8075,P17844
8076,O00425
8077,Q15717
8078,O00425
8079,Q15717
8080,Q9NZI8
8081,Q13148
8082,Q15717
8083,Q8NDV7
8086,Q07955
8087,O00425
8088,O00425
8089,P31483
8090,Q07955
8091,Q9Y6M1
8092,Q13148
8093,Q15717
8094,O00425
8095,Q15717
8096,Q13148
8097,Q07955
8098,O43251
8100,Q15717
8101,O00425
8102,O00425
8103,Q49AS9
8104,Q13148
8105,Q15717
8106,Q9UL18
8110,Q01844
8111,Q9Y6M1
8112,O95777
8113,O00425
8114,Q49AS9
8115,Q9Y6M1
8116,P35637
8118,Q49AS9
8119,Q15717
8120,Q01844
8121,P26599
8122,P35637
8123,Q07955
8124,P31483
8125,Q15717
8126,P35637
8127,Q9HCE1
8128,P31483
8129,Q01844
8130,O00425
8131,Q15717
8132,O00425
8133,Q15717
8134,P35637
8135,Q15717
8136,Q07955
8137,O00425
8138,Q969L4
8139,Q9NZI8
8140,Q15717
8141,Q9NZI8
8142,O00425
8143,Q13148
8144,P31483
8145,Q9NZI8
8146,Q49AS9
8147,P35637
8148,Q07955
8149,Q15717
8150,Q15717
8151,O00425
8152,Q9UKV8
8153,Q13148
8154,P31483
8155,P35637
8156,Q15717
8157,P35637
8158,Q9NZI8
8159,P35637
8160,Q15717
8161,Q15717
8162,Q15717
8163,P31483
8164,P31483
8165,O00425
8166,Q01844
8167,Q15233
8168,Q15233
8169,Q15717
8170,Q15717
8171,Q13148
8172,Q15788
8173,Q49AS9
8174,P31483
8175,Q15717
8176,Q9Y6M1
8177,Q15717
8179,Q07955
8180,Q49AS9
8181,P26599
8182,Q13148
8183,P31483
8184,Q15717
8185,O00425
8186,P26599
8187,Q15717
8188,Q15717
8189,P35637
8190,Q9Y6M1
8191,Q49AS9
8192,Q9NZI8
8193,P35637
8194,Q15717
8195,Q9HCE1
8196,Q07955
8197,Q13148
8198,Q9NZI8
8199,Q07955
8200,Q07955
8201,Q49AS9
8202,P35637
8203,Q49AS9
8204,Q9Y6M1
8205,Q9HCE1
8206,Q07955
8207,O00425
8208,Q07955
8209,Q49AS9
8210,P26599
8211,P35637
8212,Q9UHB9
8213,B7ZL34
8214,Q9NZI8
8215,Q49AS9
8216,Q15717
8217,Q15717
8218,Q01844
8219,Q9NZI8
8220,Q15717
8221,O00425
8222,P31483
8223,Q13148
8224,Q9UL18
8228,Q15717
8229,Q15717
8230,Q9Y6M1
8231,Q15717
8232,Q9Y6M1
8233,Q13148
8234,Q07955
8235,Q9Y6M1
8236,Q15717
8237,Q13148
8238,Q49AS9
8239,Q9UL18
8243,Q49AS9
8244,Q07955
8245,P35637
8246,Q13148
8247,Q9Y3B4
8248,Q9Y6M1
8249,Q15717
8250,Q9UKV8
8251,Q15717
8252,Q49AS9
8253,Q15717
8254,Q15717
8255,Q9UKV8
8256,Q49AS9
8257,Q13148
8258,Q9UKV8
8259,Q15717
8260,Q9UKV8
8261,Q07955
8262,Q9UL18
8266,Q01844
8267,Q9Y6M1
8268,Q15717
8269,Q49AS9
8270,Q15717
8271,Q13148
8272,Q49AS9
8273,Q9UKV8
8274,Q15910
8275,Q07955
8276,Q15717
8277,Q15717
8278,Q9NZI8
8279,Q13148
8280,Q49AS9
8282,Q01844
8283,Q15717
8284,P35637
8285,Q15717
8286,O00425
8287,O00425
8288,Q07955
8289,Q07955
8290,Q15717
8291,Q49AS9
8292,P31483
8293,O00425
8294,Q01844
8295,Q15717
8296,P26599
8297,P26599
8298,Q9NZI8
8299,Q15717
8300,Q9Y6M1
8301,Q49AS9
8302,Q01844
8303,Q9Y6M1
8304,Q07955
8305,Q15717
8306,Q15717
8307,Q07955
8308,O00425
8309,Q9Y6M1
8310,P35637
8311,O00425
8312,Q9Y6M1
8313,Q9Y6M1
8314,Q9NZI8
8315,P35637
8316,Q01844
8317,P26599
8318,Q15717
8319,Q49AS9
8320,Q15717
8321,P35637
8322,P31483
8323,Q8NDV7
8326,P35637
8327,O00425
8328,Q9NZI8
8329,Q9NZI8
8330,Q01844
8331,Q49AS9
8333,Q15717
8334,Q15717
8335,Q15717
8336,Q15717
8337,P35637
8338,Q9Y6M1
8339,Q07955
8340,Q07955
8341,P26599
8342,P26599
8343,Q9Y6M1
8344,Q9NZI8
8345,O00425
8346,Q07955
8347,Q07955
8348,Q07955
8349,P31483
8350,Q9NZI8
8351,Q15717
8352,Q13148
8353,Q07955
8354,Q9UKV8
8355,O75817
8356,Q13148
8357,Q6P2Q9
8358,Q07955
8359,Q15717
8360,Q9UL18
8364,Q07955
8365,P35637
8366,O00425
8367,O00425
8368,Q15717
8369,P35637
8370,Q15717
8371,Q15717
8372,Q15717
8373,Q15717
8374,Q01844
8375,Q15717
8376,P31483
8377,Q9NZI8
8378,Q07955
8379,Q15717
8380,Q49AS9
8381,Q8N3U4
8382,O00425
8383,O00425
8384,Q15717
8385,Q15717
8386,P26599
8387,Q9UL18
8391,P35637
8392,Q8NDV7
8395,Q15717
8396,Q15717
8397,Q4G0J3
8398,Q15717
8399,Q07955
8400,P26599
8401,Q15717
8402,Q01844
8403,Q49AS9
8404,Q15717
8405,P31483
8406,Q13148
8407,Q01844
8408,Q15717
8409,P35637
8410,O00425
8411,P35637
8412,P35637
8413,O00425
8414,Q15717
8415,Q9NZI8
8416,Q15717
8417,Q15717
8418,Q07955
8419,Q15717
8420,Q15717
8421,P35637
8422,Q9UKV8
8423,Q07955
8424,Q8NDV7
8427,P26599
8428,P35637
8429,Q9Y6M1
8430,P35637
8431,Q9Y6M1
8432,Q9Y6M1
8433,Q9NZI8
8434,O00425
8435,P31483
8436,Q13148
8437,O00425
8438,Q15717
8439,Q9HCE1
8440,Q9NZI8
8441,Q49AS9
8442,Q13148
8443,Q9Y6M1
8444,Q15717
8445,Q9HCE1
8446,P31483
8447,P55769
8448,Q13148
8449,Q15717
8450,Q01844
8451,Q13148
8452,O00425
8453,Q49AS9
8454,Q9UKV8
8455,Q15022
8456,Q15717
8457,P26599
8458,Q07955
8459,O00425
8460,Q07955
8461,Q9UL18
8465,Q07955
8466,Q15717
8467,Q49AS9
8468,Q9NZI8
8469,Q15717
8470,Q9Y6M1
8471,Q07955
8472,O00425
8473,Q13148
8474,Q01844
8475,Q15717
8476,Q13148
8477,Q01844
8478,P31483
8479,Q07955
8480,Q13148
8481,Q15717
8483,Q01844
8484,Q13148
8485,P26599
8486,O00425
8487,P35637
8488,Q15717
8489,O00425
8490,P35637
8491,Q9UKV8
8492,Q15717
8493,Q9Y6M1
8494,Q9Y6M1
8495,O43251
8496,Q07955
8497,O00425
8498,Q13148
8499,Q13148
8500,Q07955
8501,Q9Y6M1
8502,Q49AS9
8503,Q15717
8504,B7ZL34
8505,P35637
8506,Q07955
8507,O00425
8508,Q49AS9
8509,Q13148
8510,Q9NZI8
8511,P31483
8512,Q15717
8513,Q9UKV8
8514,Q15717
8515,Q9UKV8
8516,O00425
8517,Q9NZI8
8518,Q49AS9
8519,O00425
8520,Q15717
8521,P35637
8522,Q07955
8523,Q15717
8524,Q96PU8
8525,Q07955
8526,B7ZL34
8527,Q13148
8528,Q9NZI8
8529,O00425
8530,Q15717
8531,Q9Y6M1
8532,Q15717
8533,Q07955
8534,Q15717
8535,Q9NZI8
8536,Q8NDV7
8539,Q9Y6M1
8540,Q01844
8542,Q15717
8544,Q49AS9
8545,Q15717
8546,O00425
8547,Q9Y6M1
8548,Q96PU8
8549,Q15717
8550,P26599
8551,Q15717
8552,P31483
8553,Q9NZI8
8554,P35637
8555,Q15717
8556,Q9UKV8
8557,P35637
8558,Q15717
8559,Q15717
8560,Q13148
8561,Q9NZI8
8562,O00425
8563,Q9Y6M1
8564,Q9Y6M1
8565,B7ZL34
8566,P26599
8567,Q49AS9
8568,B7ZL34
8569,Q49AS9
8570,Q49AS9
8571,Q15717
8572,Q15717
8573,Q01844
8574,Q49AS9
8575,Q9UL18
8579,Q9Y6Y0
8580,Q13148
8581,O00425
8582,Q9UL18
8586,O00425
8587,Q9Y6M1
8588,Q07955
8589,Q8NDV7
8592,O00425
8593,Q9UKV8
8594,O00425
8595,O00425
8596,Q15717
8597,P35637
8598,Q9Y6M1
8599,P26599
8600,Q9Y6M1
8601,Q9NZI8
8602,Q01844
8603,P31483
8604,Q07955
8605,O00425
8606,Q9UKV8
8607,Q9Y6M1
8608,O00425
8609,O00425
8610,P31483
8611,Q49AS9
8612,P35637
8613,Q15717
8614,Q15717
8615,Q9Y6M1
8616,Q15717
8617,Q01844
8618,Q15717
8619,Q9NZI8
8620,Q07955
8621,Q9UL18
8625,Q15717
8626,Q13148
8627,Q9Y6M1
8628,Q96PU8
8629,P35637
8630,Q15717
8631,P26599
8632,B7ZL34
8633,Q07955
8634,P31483
8635,B7ZL34
8636,P35637
8637,Q9NZI8
8638,Q49AS9
8639,Q9UKV8
8640,O00425
8641,Q01844
8642,Q15717
8643,Q9NZI8
8644,O00425
8645,Q49AS9
8646,Q9NZI8
8647,P31483
8648,Q9UL18
8652,Q9HCE1
8653,Q13148
8654,P35637
8655,Q01844
8656,P31483
8657,Q9NZI8
8658,Q01844
8659,P49458
8660,Q15717
8661,Q13148
8662,Q15717
8664,Q9UL18
8668,Q9NZI8
8669,Q9UKV8
8670,P35637
8671,Q01844
8672,Q9Y6M1
8673,Q9NZI8
8674,Q07955
8675,O00425
8676,Q07955
8677,Q13148
8678,Q9Y6M1
8679,Q15717
8680,O00425
8681,Q9Y6M1
8682,Q15717
8683,Q15717
8684,Q9NZI8
8685,Q9UL18
8689,Q07955
8690,Q13148
8691,Q9Y6M1
8692,Q13148
8693,Q9Y6M1
8694,P35637
8695,Q01844
8696,Q9NZI8
8697,Q96PU8
8698,Q01844
8699,Q9UL18
8703,Q9UL18
8707,Q15717
8708,Q01844
8709,Q15717
8710,Q15717
8711,Q15717
8712,Q49AS9
8713,Q07955
8714,P26599
8715,O00425
8716,Q01844
8717,O00425
8718,O00425
8719,P31483
8720,Q9Y6M1
8721,O00425
8722,P35637
8723,Q49AS9
8724,Q15717
8725,Q15717
8726,Q15717
8727,Q15717
8728,P31483
8729,Q13148
8730,B7ZL34
8731,O75643
8732,Q15717
8733,Q9NZI8
8734,O00425
8735,P26599
8736,Q15717
8737,Q9HCE1
8738,Q07955
8739,P35637
8740,P26599
8741,Q15717
8742,P35637
8743,Q9Y6M1
8744,Q07955
8745,Q15717
8746,Q15717
8747,Q15717
8748,Q15717
8749,P26599
8750,Q9HCE1
8751,Q15717
8752,Q9UKV8
8753,Q07955
8754,Q15717
8755,Q9HCE1
8756,Q15717
8757,Q9NZI8
8758,Q49AS9
8759,Q9NZI8
8760,P26599
8761,Q15717
8762,Q9NZI8
8763,O00425
8764,P37108
8765,Q9Y6M1
8766,Q9NZI8
8767,P26599
8768,O00425
8769,Q49AS9
8770,P35637
8771,P31483
8772,B7ZL34
8773,Q13148
8774,Q9UKV8
8775,Q15717
8776,Q15717
8777,Q07955
8778,Q07955
8779,Q01844
8780,O00425
8781,B7ZL34
8782,Q15717
8783,P35637
8784,P35637
8785,P35637
8786,Q07955
8787,Q9UL18
8791,Q49AS9
8792,Q07955
8793,Q15717
8794,Q13148
8795,Q15717
8796,Q13148
8797,P26599
8798,Q9NZI8
8799,Q13148
8800,Q07955
8801,P26599
8802,O00425
8803,O00425
8804,Q4G0J3
8805,B7ZL34
8806,Q49AS9
8807,O00425
8808,P31483
8809,Q9UKV8
8810,P35637
8811,O00425
8812,P35637
8813,Q15717
8814,Q15717
8815,Q9Y6M1
8816,Q15022
8817,P31483
8818,B7ZL34
8819,Q15717
8820,Q49AS9
8821,Q9Y6M1
8822,Q15717
8823,Q9NZI8
8824,O00425
8825,P35637
8826,P26599
8827,P15172
8828,Q01844
8829,Q9NZI8
8830,Q15717
8831,Q15717
8832,Q07955
8833,Q15717
8834,Q15717
8835,Q01844
8836,Q15717
8837,P35637
8838,Q8NDV7
8841,Q01844
8842,Q15717
8843,Q15022
8844,Q15022
8845,Q13285
8846,P35637
8848,Q9Y6M1
8849,Q15717
8850,Q07955
8851,Q15717
8852,Q15717
8854,Q15717
8855,P26599
8856,P61011
8857,Q15717
8858,O00425
8859,Q15717
8860,Q9NZI8
8861,Q15717
8862,Q07955
8863,Q9NZI8
8864,Q13148
8865,Q07955
8866,Q13148
8867,Q9HCE1
8868,Q9HCE1
8869,Q9UL18
8873,Q9UKV8
8874,Q49AS9
8875,Q15717
8876,Q15717
8877,Q15717
8878,Q49AS9
8879,P26599
8880,Q9NZI8
8881,Q9NZI8
8882,Q9NZI8
8883,Q9NZI8
8884,O00425
8885,Q9NZI8
8886,O00425
8888,Q13148
8889,Q15717
8890,Q15717
8891,Q9Y6M1
8892,P35637
8893,Q15717
8894,Q15717
8895,Q15717
8896,Q15717
8897,Q13148
8898,Q07955
8899,P35637
8900,Q15717
8901,P31483
8902,Q13148
8903,Q49AS9
8904,Q07955
8905,O00425
8906,Q9NZI8
8907,P05455
8908,P35637
8909,O00425
8910,Q15717
8911,P31269
8912,Q13148
8913,Q15717
8914,P35637
8915,Q15717
8916,Q15717
8917,O00425
8918,Q15717
8919,Q9NZI8
8920,Q15717
8921,Q15717
8922,Q15717
8923,P31483
8924,Q15717
8925,Q15717
8926,Q9UKV8
8927,B7ZL34
8928,Q9Y6M1
8929,O00425
8930,Q9UL18
8934,O00425
8935,Q9NZI8
8936,Q15717
8937,Q15717
8938,P35637
8939,Q15717
8940,Q07955
8941,O00425
8942,Q49AS9
8943,Q15717
8944,Q15717
8945,Q9UKV8
8946,Q01844
