,ncIdentifier,prIdentifier,interaction
0,n346535,Q86X94,1
1,n344793,Q15717,1
2,n344547,P35637,1
3,n345580,Q13148,1
4,n344965,P26599,1
5,n345574,Q13148,1
6,n345044,Q49AS9,1
7,n345395,P35637,1
8,n346188,P26599,1
9,n345455,P26599,1
10,n346535,Q9HCE1,1
11,n344569,Q13148,1
12,n345006,P35637,1
13,n345707,Q07955,1
14,n346533,Q9NZI8,1
15,n344659,B7ZL34,1
16,n344461,Q13148,1
17,n345170,Q01844,1
18,n344885,Q15717,1
19,n345138,Q15717,1
20,n344931,Q9NZI8,1
21,n345304,O00425,1
22,n344741,Q9Y6M1,1
23,n346101,Q49AS9,1
24,n345248,Q15717,1
25,n344916,P35637,1
26,n344941,Q13148,1
27,n345457,Q15717,1
28,n345458,Q9Y6M1,1
29,n344755,Q49AS9,1
30,n346533,Q9Y6M1,1
31,n346041,Q07955,1
32,n345647,Q15717,1
33,n345574,Q9Y6M1,1
34,n344996,Q9UL18,1
35,n344745,Q49AS9,1
36,n345670,P35637,1
37,n345781,P31483,1
38,n344778,P26599,1
39,n344656,Q9NZI8,1
40,n344627,P35637,1
41,n344741,P35637,1
42,n344871,Q9Y6M1,1
43,n346535,Q15717,1
44,n346545,Q49AS9,1
45,n344678,Q49AS9,1
46,n345449,Q8NDV7,1
47,n344659,Q9HCE1,1
48,n344574,Q49AS9,1
49,n344808,O00425,1
50,n345473,Q15717,1
51,n344741,Q9NZI8,1
52,n345059,Q15717,1
53,n346398,Q9NZI8,1
54,n345630,Q49AS9,1
55,n345421,Q15717,1
56,n344517,Q49AS9,1
57,n346404,P26599,1
58,n344659,Q01844,1
59,n344574,O00425,1
60,n344540,O43251,1
61,n344658,Q07955,1
62,n346227,Q07955,1
63,n345322,Q13148,1
64,n345777,Q9NZI8,1
65,n346167,O00425,1
66,n345433,P31483,1
67,n344778,Q9UKV8,1
68,n344808,Q9Y6M1,1
69,n345666,P35637,1
70,n344960,O00425,1
71,n344709,Q9Y6M1,1
72,n345070,Q07955,1
73,n345277,Q9UL18,1
74,n344778,Q15717,1
75,n344490,Q9UKV8,1
76,n346545,Q07955,1
77,n346430,Q15717,1
78,n344547,Q9UKV8,1
79,n345751,P26599,1
80,n345653,B7ZL34,1
81,n345138,P35637,1
82,n344604,P26599,1
83,n345385,Q9Y6M1,1
84,n345255,O00425,1
85,n345105,Q15717,1
86,n345424,P26599,1
87,n345385,O00425,1
88,n346398,Q15717,1
89,n346537,Q9Y6M1,1
90,n344778,Q15717,1
91,n345040,P35637,1
92,n344457,Q9UL18,1
93,n345618,Q13148,1
94,n345568,O00425,1
95,n344778,Q49AS9,1
96,n344653,Q9Y6M1,1
97,n345046,Q13148,1
98,n345474,Q15717,1
99,n344693,P35637,1
100,n346356,Q49AS9,1
101,n345260,O00425,1
102,n345653,O00425,1
103,n344771,Q13148,1
104,n344604,Q9Y6M1,1
105,n345622,Q15717,1
106,n344960,Q15717,1
107,n344699,Q9NZI8,1
108,n344894,Q9NZI8,1
109,n344703,P35637,1
110,n344745,Q9UKV8,1
111,n344461,Q49AS9,1
112,n345297,Q13148,1
113,n345458,Q01844,1
114,n346361,O00425,1
115,n345781,Q15717,1
116,n346523,O00425,1
117,n344678,P35637,1
118,n345232,Q15717,1
119,n344628,P35637,1
120,n345670,Q86X94,1
121,n344659,P35637,1
122,n344996,Q9Y6M1,1
123,n345613,Q13148,1
124,n344691,O00425,1
125,n345161,Q9NZI8,1
126,n344500,Q9Y6M1,1
127,n344768,Q15717,1
128,n345527,Q9Y6M1,1
129,n345670,Q15717,1
130,n345091,Q9HCE1,1
131,n344745,Q9UKV8,1
132,n345222,O00425,1
133,n344569,P26599,1
134,n344691,P35637,1
135,n344940,Q07955,1
136,n344490,P31483,1
137,n344871,O00425,1
138,n344778,Q15717,1
139,n346032,P35637,1
140,n346082,O00425,1
141,n345557,Q15717,1
142,n345421,P31483,1
143,n345222,P35637,1
144,n345385,P35637,1
145,n344677,P35637,1
146,n345395,Q13148,1
147,n344995,Q9HCE1,1
148,n344724,Q49AS9,1
149,n344705,Q13148,1
150,n344659,Q9NZI8,1
151,n345437,Q86X94,1
152,n346247,Q07955,1
153,n345941,Q86X94,1
154,n345457,Q9NZI8,1
155,n344755,Q15717,1
156,n345222,Q9UKV8,1
157,n344793,Q9Y6M1,1
158,n344656,Q07955,1
159,n346288,Q49AS9,1
160,n344745,Q15717,1
161,n345574,O00425,1
162,n345310,P35637,1
163,n345139,P35637,1
164,n346101,O00425,1
165,n344778,P35637,1
166,n345544,P35637,1
167,n363309,Q15717,1
168,n344547,Q01844,1
169,n345288,Q13148,1
170,n344872,Q15717,1
171,n345246,Q15717,1
172,n344610,O00425,1
173,n344995,Q15717,1
174,n344658,Q15717,1
175,n345653,Q9NZI8,1
176,n345670,P35637,1
177,n344659,Q9Y6M1,1
178,n346398,Q9UKV8,1
179,n345417,Q49AS9,1
180,n345222,Q9UKV8,1
181,n344871,Q15717,1
182,n344496,Q07955,1
183,n345182,Q49AS9,1
184,n345170,Q15717,1
185,n344778,Q01844,1
186,n344992,Q13148,1
187,n344909,Q15717,1
188,n345281,Q86X94,1
189,n346523,Q07955,1
190,n344659,Q49AS9,1
191,n344559,Q15717,1
192,n345059,Q15717,1
193,n344778,Q15717,1
194,n344540,Q13148,1
195,n344679,Q13148,1
196,n346422,Q49AS9,1
197,n344799,Q49AS9,1
198,n346033,Q07955,1
199,n345226,Q86X94,1
200,n345653,Q01844,1
201,n345458,Q15717,1
202,n344601,Q9UKV8,1
203,n345887,Q49AS9,1
204,n346337,Q07955,1
205,n344808,Q15717,1
206,n345777,P31483,1
207,n344736,P31483,1
208,n344745,Q01844,1
209,n345437,Q49AS9,1
210,n344924,Q15717,1
211,n345117,Q86X94,1
212,n344604,Q49AS9,1
213,n345954,Q15717,1
214,n344965,Q13148,1
215,n344726,P26599,1
216,n345186,P31483,1
217,n344514,Q9UKV8,1
218,n345886,P35637,1
219,n344462,Q15717,1
220,n344975,Q9NZI8,1
221,n344461,P31483,1
222,n345041,Q15717,1
223,n345293,Q13148,1
224,n346167,Q86X94,1
225,n346426,Q07955,1
226,n346109,P26599,1
227,n344907,Q15717,1
228,n344907,Q15717,1
229,n345271,Q15717,1
230,n344678,P26599,1
231,n345474,P35637,1
232,n345437,P31483,1
233,n345925,Q07955,1
234,n345296,Q01844,1
235,n345418,Q01844,1
236,n345594,Q15717,1
237,n345765,Q15717,1
238,n346537,O00425,1
239,n344818,Q9Y6M1,1
240,n345014,O00425,1
241,n345594,Q49AS9,1
242,n344664,Q9UKV8,1
243,n346354,Q07955,1
244,n345850,Q15717,1
245,n344930,P35637,1
246,n345751,Q15717,1
247,n345423,Q9UL18,1
248,n344601,O00425,1
249,n345310,Q15717,1
250,n344872,Q49AS9,1
251,n344803,Q9NZI8,1
252,n345304,Q01844,1
253,n345781,Q9Y6M1,1
254,n344514,Q15717,1
255,n344724,Q07955,1
256,n345117,Q01844,1
257,n344793,Q86X94,1
258,n344601,P31483,1
259,n345449,Q96PU8,1
260,n344871,Q9HCE1,1
261,n346026,Q13148,1
262,n345424,O00425,1
263,n345059,Q15717,1
264,n344691,Q01844,1
265,n345457,Q49AS9,1
266,n344755,Q9Y6M1,1
267,n346460,Q07955,1
268,n346137,O00425,1
269,n344490,Q9Y6M1,1
270,n344541,Q07955,1
271,n344960,Q9Y6M1,1
272,n344656,O00425,1
273,n344871,Q9NZI8,1
274,n345289,Q49AS9,1
275,n344540,P31483,1
276,n344745,O00425,1
277,n345232,Q15717,1
278,n344460,Q15717,1
279,n345437,Q9Y6M1,1
280,n344695,Q15717,1
281,n345222,Q9NZI8,1
282,n344540,Q15717,1
283,n344610,Q15717,1
284,n344808,Q9NZI8,1
285,n344749,Q9NZI8,1
286,n345168,Q13148,1
287,n344741,Q9UL18,1
288,n345110,P35637,1
289,n344677,Q8NDV7,1
290,n345909,Q07955,1
291,n344931,Q9Y6M1,1
292,n344460,P35637,1
293,n344528,O00425,1
294,n346520,Q07955,1
295,n344454,P26599,1
296,n344644,Q96PU8,1
297,n344490,Q49AS9,1
298,n345012,Q15717,1
299,n346533,P35637,1
300,n344721,Q9NZI8,1
301,n345417,Q15717,1
302,n345281,Q15717,1
303,n345338,Q15717,1
304,n345873,Q49AS9,1
305,n344766,P26599,1
306,n344800,P31483,1
307,n345385,Q15717,1
308,n344601,Q15717,1
309,n346189,P31483,1
310,n345185,Q49AS9,1
311,n344658,Q49AS9,1
312,n346533,Q01844,1
313,n345754,Q07955,1
314,n344462,P31483,1
315,n344541,Q15717,1
316,n344741,P35637,1
317,n344800,Q9Y6M1,1
318,n344741,Q9UKV8,1
319,n344610,P35637,1
320,n344772,Q49AS9,1
321,n346189,Q49AS9,1
322,n344538,Q15717,1
323,n346143,Q9Y6M1,1
324,n344749,Q49AS9,1
325,n345751,O00425,1
326,n345957,Q07955,1
327,n344986,Q9Y6M1,1
328,n345045,Q9Y6M1,1
329,n344778,Q9HCE1,1
330,n344971,Q49AS9,1
331,n344574,Q01844,1
332,n345229,Q07955,1
333,n344610,P35637,1
334,n344971,Q15717,1
335,n345038,Q15717,1
336,n346349,P31483,1
337,n346537,Q15717,1
338,n344975,O00425,1
339,n345886,Q15717,1
340,n344772,Q07955,1
341,n344462,Q49AS9,1
342,n346361,Q9NZI8,1
343,n345847,Q01844,1
344,n345417,P31483,1
345,n344995,B7ZL34,1
346,n345222,Q9HCE1,1
347,n344490,Q15717,1
348,n344574,P31483,1
349,n346288,P31483,1
350,n344457,Q15717,1
351,n345697,Q07955,1
352,n346082,P35637,1
353,n344745,Q15717,1
354,n344880,Q15717,1
355,n344745,P35637,1
356,n345455,Q9NZI8,1
357,n344861,P26599,1
358,n344963,Q13148,1
359,n345045,Q8NDV7,1
360,n344478,Q13148,1
361,n344604,Q01844,1
362,n344691,Q86X94,1
363,n344848,Q07955,1
364,n344604,P35637,1
365,n345117,Q9HCE1,1
366,n344800,Q9UL18,1
367,n345222,P35637,1
368,n346026,P35637,1
369,n345437,Q01844,1
370,n345323,P35637,1
371,n345222,Q49AS9,1
372,n345457,Q13148,1
373,n345437,Q9HCE1,1
374,n344574,P35637,1
375,n344678,Q07955,1
376,n345686,P31483,1
377,n344651,Q9Y6M1,1
378,n345077,Q9Y6M1,1
379,n345653,Q15717,1
380,n345653,Q15717,1
381,n345813,Q07955,1
382,n344457,P31483,1
383,n346392,Q15717,1
384,n345304,Q15717,1
385,n344872,Q13148,1
386,n345589,Q15717,1
387,n344719,Q13148,1
388,n346398,O00425,1
389,n345031,P26599,1
390,n345003,Q13148,1
391,n346349,O00425,1
392,n345437,Q15717,1
393,n345777,Q9UKV8,1
394,n346082,Q15717,1
395,n344803,Q9Y6M1,1
396,n345831,Q07955,1
397,n345170,Q15717,1
398,n345653,Q49AS9,1
399,n344745,Q15717,1
400,n344975,Q9Y6M1,1
401,n344745,Q9NZI8,1
402,n346110,O00425,1
403,n344699,O00425,1
404,n344872,P31483,1
405,n345387,Q13148,1
406,n344500,O00425,1
407,n346167,Q9UKV8,1
408,n344971,Q9Y6M1,1
409,n344659,Q9UL18,1
410,n344646,Q9UKV8,1
411,n345417,P35637,1
412,n345179,Q13148,1
413,n344610,Q15717,1
414,n344457,Q9Y6M1,1
415,n344454,P31483,1
416,n344678,Q15717,1
417,n344798,Q13148,1
418,n344457,O00425,1
419,n344745,P35637,1
420,n344589,Q86X94,1
421,n344960,P35637,1
422,n345943,Q07955,1
423,n345746,Q15717,1
424,n345915,Q07955,1
425,n346525,P31483,1
426,n346348,Q07955,1
427,n345668,P26599,1
428,n344462,Q86X94,1
429,n344960,Q01844,1
430,n344538,P35637,1
431,n344574,Q9NZI8,1
432,n345636,Q13148,1
433,n344791,Q01844,1
434,n344800,Q15717,1
435,n344772,P26599,1
436,n345881,Q01844,1
437,n344659,P31483,1
438,n344646,Q15717,1
439,n346101,Q96PU8,1
440,n344793,P26599,1
441,n345385,Q9HCE1,1
442,n345674,Q07955,1
443,n346537,Q9NZI8,1
444,n344646,Q49AS9,1
445,n344514,Q9UKV8,1
446,n344454,O43251,1
447,n344541,Q13148,1
448,n344808,Q15717,1
449,n345385,Q9UL18,1
450,n344916,Q15717,1
451,n344800,B7ZL34,1
452,n344598,Q13148,1
453,n345117,Q15717,1
454,n344547,Q15717,1
455,n344810,Q07955,1
456,n345559,Q15717,1
457,n345186,Q13148,1
458,n345077,Q15717,1
459,n345310,Q13148,1
460,n345161,Q13148,1
461,n346426,Q15717,1
462,n345170,P35637,1
463,n346404,Q15717,1
464,n345221,Q49AS9,1
465,n345270,Q15717,1
466,n345701,P35637,1
467,n345636,Q15717,1
468,n344963,Q15717,1
469,n346398,P35637,1
470,n344986,Q15717,1
471,n344793,P35637,1
472,n345395,Q15717,1
473,n345232,Q15717,1
474,n344589,Q07955,1
475,n363314,Q15717,1
476,n344778,Q13148,1
477,n344503,Q9UL18,1
478,n344736,Q15717,1
479,n346033,Q15717,1
480,n345670,Q9HCE1,1
481,n344741,Q15717,1
482,n345861,Q07955,1
483,n345012,P26599,1
484,n344934,P26599,1
485,n344818,O00425,1
486,n344551,Q13148,1
487,n345641,Q9NZI8,1
488,n346078,Q07955,1
489,n346101,Q15717,1
490,n344875,P31483,1
491,n344709,Q15717,1
492,n345385,Q01844,1
493,n344453,Q13148,1
494,n345437,P35637,1
495,n344995,Q9Y6M1,1
496,n344478,O43251,1
497,n344943,P35637,1
498,n345091,Q01844,1
499,n346523,Q9NZI8,1
500,n345221,Q15717,1
501,n346101,Q9NZI8,1
502,n346373,P35637,1
503,n344652,Q15717,1
504,n344488,Q49AS9,1
505,n344658,Q9UKV8,1
506,n346033,Q86X94,1
507,n346494,Q07955,1
508,n344552,P26599,1
509,n344778,Q9UKV8,1
510,n345395,Q49AS9,1
511,n345222,Q9Y6M1,1
512,n345781,Q49AS9,1
513,n346398,Q9UKV8,1
514,n344778,Q9UL18,1
515,n344628,O00425,1
516,n346392,P31483,1
517,n345232,P35637,1
518,n345156,P26599,1
519,n345686,Q15717,1
520,n345799,Q07955,1
521,n345437,Q9NZI8,1
522,n345506,P35637,1
523,n346188,Q13148,1
524,n346101,Q13148,1
525,n344457,Q9NZI8,1
526,n345612,Q13148,1
527,n346205,Q07955,1
528,n345437,Q15717,1
529,n345138,Q15717,1
530,n345417,Q13148,1
531,n344741,O00425,1
532,n345249,Q13148,1
533,n345457,Q9Y6M1,1
534,n346398,Q9Y6M1,1
535,n344652,Q49AS9,1
536,n345839,Q13148,1
537,n345527,Q15717,1
538,n344778,P31483,1
539,n346533,O00425,1
540,n345139,Q9NZI8,1
541,n346404,Q15717,1
542,n346398,P31483,1
543,n344871,Q07955,1
544,n346349,Q9NZI8,1
545,n345437,O00425,1
546,n345653,P31483,1
547,n344709,P26599,1
548,n344798,Q9UKV8,1
549,n346510,O00425,1
550,n345117,P35637,1
551,n344578,Q07955,1
552,n346137,Q07955,1
553,n344996,O00425,1
554,n345781,O00425,1
555,n344848,Q15717,1
556,n344664,Q15717,1
557,n344793,P31483,1
558,n345222,Q15717,1
559,n344659,Q86X94,1
560,n345433,Q15717,1
561,n344939,Q96PU8,1
562,n344793,Q49AS9,1
563,n346537,Q9UL18,1
564,n345668,Q15717,1
565,n344800,Q49AS9,1
566,n344868,O00425,1
567,n346167,Q15717,1
568,n344664,Q9NZI8,1
569,n346137,Q15717,1
570,n345185,Q15717,1
571,n345516,Q15717,1
572,n346426,O00425,1
573,n345185,P35637,1
574,n345977,Q07955,1
575,n345670,Q49AS9,1
576,n345139,Q9Y6M1,1
577,n345935,Q49AS9,1
578,n346533,Q9UKV8,1
579,n344462,Q15717,1
580,n344601,Q15717,1
581,n345182,Q15717,1
582,n346167,Q9Y6M1,1
583,n345168,Q49AS9,1
584,n345746,P31483,1
585,n345765,P31483,1
586,n344736,Q15717,1
587,n346537,Q01844,1
588,n345630,P31483,1
589,n344547,Q15717,1
590,n344659,Q15717,1
591,n346196,Q07955,1
592,n344610,Q9UKV8,1
593,n346383,Q07955,1
594,n344971,O00425,1
595,n345433,Q49AS9,1
596,n345207,Q15717,1
597,n345777,Q9UKV8,1
598,n344807,Q15717,1
599,n344996,Q15717,1
600,n345032,Q13148,1
601,n345501,Q07955,1
602,n345185,Q9Y6M1,1
603,n344800,Q15717,1
604,n346296,P31483,1
605,n344547,Q9Y6M1,1
606,n344980,O00425,1
607,n344986,Q9NZI8,1
608,n344871,Q96PU8,1
609,n345746,Q49AS9,1
610,n345455,Q01844,1
611,n346477,Q07955,1
612,n346472,Q07955,1
613,n345117,P35637,1
614,n344651,P31483,1
615,n344798,O00425,1
616,n345455,O00425,1
617,n344741,Q49AS9,1
618,n345618,Q15717,1
619,n346236,Q07955,1
620,n344957,P26599,1
621,n345139,Q9HCE1,1
622,n345653,Q9Y6M1,1
623,n344975,Q15717,1
624,n344778,Q15717,1
625,n344601,P35637,1
626,n345077,Q9NZI8,1
627,n345879,Q49AS9,1
628,n344691,Q49AS9,1
629,n344574,Q86X94,1
630,n344805,Q15717,1
631,n344875,Q15717,1
632,n344960,Q9NZI8,1
633,n345161,Q15717,1
634,n345457,Q15717,1
635,n344986,O00425,1
636,n344604,Q15717,1
637,n346189,Q15717,1
638,n345648,Q9Y6M1,1
639,n345465,Q15717,1
640,n346545,Q15717,1
641,n345357,Q15717,1
642,n344778,B7ZL34,1
643,n345502,Q9HCE1,1
644,n345468,Q13148,1
645,n345765,Q13148,1
646,n344745,Q8NDV7,1
647,n345310,P31483,1
648,n345014,Q49AS9,1
649,n345473,Q9HCE1,1
650,n344709,P31483,1
651,n344691,Q15717,1
652,n346533,P35637,1
653,n346101,Q15717,1
654,n344598,Q15717,1
655,n345045,Q15717,1
656,n345935,P31483,1
657,n344559,P31483,1
658,n345437,P35637,1
659,n345040,Q15717,1
660,n345457,O00425,1
661,n345323,Q13148,1
662,n344736,Q49AS9,1
663,n345648,O00425,1
664,n344588,P26599,1
665,n345781,Q9NZI8,1
666,n346481,Q15717,1
667,n345304,P35637,1
668,n344800,P35637,1
669,n344531,Q15717,1
670,n346260,Q07955,1
671,n345040,Q86X94,1
672,n344778,Q8NDV7,1
673,n344610,Q9Y6M1,1
674,n345751,Q49AS9,1
675,n344497,Q13148,1
676,n344589,Q49AS9,1
677,n344721,O00425,1
678,n344691,P35637,1
679,n344695,Q01844,1
680,n345281,Q15717,1
681,n344659,Q8NDV7,1
682,n344601,Q9NZI8,1
683,n345423,Q15717,1
684,n344678,P31483,1
685,n344749,P31483,1
686,n344960,P35637,1
687,n344547,Q9NZI8,1
688,n344791,Q15717,1
689,n344996,Q01844,1
690,n345337,Q15717,1
691,n344724,Q15717,1
692,n344678,Q13148,1
693,n344601,Q9Y6M1,1
694,n344490,Q9UKV8,1
695,n345960,Q07955,1
696,n346167,Q9NZI8,1
697,n345232,Q9UL18,1
698,n345641,O00425,1
699,n344800,O00425,1
700,n345524,Q15717,1
701,n346101,Q9Y6M1,1
702,n345421,P35637,1
703,n344760,Q49AS9,1
704,n344574,Q15717,1
705,n345516,Q13148,1
706,n344705,Q49AS9,1
707,n345641,Q9Y6M1,1
708,n344649,O00425,1
709,n345173,Q49AS9,1
710,n344736,Q13148,1
711,n345185,Q15717,1
712,n345068,Q49AS9,1
713,n344791,Q07955,1
714,n346189,Q13148,1
715,n344749,O00425,1
716,n344457,Q13148,1
717,n344930,Q15717,1
718,n344462,Q07955,1
719,n344585,P35637,1
720,n344931,O00425,1
721,n344691,Q15717,1
722,n345623,Q15717,1
723,n344995,Q01844,1
724,n344793,Q9NZI8,1
725,n345670,Q15717,1
726,n345623,Q13148,1
727,n344741,Q15717,1
728,n344646,Q9Y6M1,1
729,n344656,Q49AS9,1
730,n344810,Q15717,1
731,n345486,Q07955,1
732,n344574,Q96PU8,1
733,n344552,Q13148,1
734,n346007,Q15717,1
735,n346026,Q86X94,1
736,n345915,Q15717,1
737,n346082,Q9UL18,1
738,n344574,Q9Y6M1,1
739,n363297,O00425,1
740,n346299,Q07955,1
741,n346007,Q86X94,1
742,n345437,Q13148,1
743,n346051,Q49AS9,1
744,n344818,Q07955,1
745,n346137,Q9UKV8,1
746,n345802,Q07955,1
747,n345161,Q15717,1
748,n344793,O00425,1
749,n345455,Q9Y6M1,1
750,n346332,Q07955,1
751,n345823,Q07955,1
752,n346426,Q9UKV8,1
753,n346296,Q15717,1
754,n344808,Q9UKV8,1
755,n345040,Q15717,1
756,n345045,O00425,1
757,n363315,P26599,1
758,n346109,Q9UKV8,1
759,n346535,Q49AS9,1
760,n345408,Q15717,1
761,n345957,Q9NZI8,1
762,n344995,O00425,1
763,n345304,Q15717,1
764,n344604,P31483,1
765,n345222,Q9UL18,1
766,n344691,Q9Y6M1,1
767,n346143,Q49AS9,1
768,n344612,P26599,1
769,n345483,P31483,1
770,n345157,Q9HCE1,1
771,n345045,Q15717,1
772,n344610,Q9NZI8,1
773,n346533,Q07955,1
774,n345594,Q15717,1
775,n345382,Q13148,1
776,n346533,Q15717,1
777,n344793,Q13148,1
778,n345385,Q9NZI8,1
779,n344885,Q49AS9,1
780,n345337,Q15717,1
781,n346481,Q15717,1
782,n344651,O00425,1
783,n345433,B7ZL34,1
784,n344958,Q15717,1
785,n344768,Q07955,1
786,n345574,Q15717,1
787,n345988,Q07955,1
788,n345888,Q07955,1
789,n344638,Q8NDV7,1
790,n346110,Q9NZI8,1
791,n344547,Q9UKV8,1
792,n346082,Q15717,1
793,n344604,Q9NZI8,1
794,n345288,Q15717,1
795,n345777,Q9Y6M1,1
796,n344880,Q13148,1
797,n344960,Q13148,1
798,n345437,Q07955,1
799,n345025,Q15717,1
800,n344538,P35637,1
801,n345385,Q8NDV7,1
802,n346082,Q9Y6M1,1
803,n344601,P35637,1
804,n344691,Q15717,1
805,n344701,Q13148,1
806,n344517,P26599,1
807,n345091,P35637,1
808,n344924,O00425,1
809,n344791,P35637,1
810,n344547,P35637,1
811,n344691,B7ZL34,1
812,n344588,Q49AS9,1
813,n344871,B7ZL34,1
814,n344457,Q49AS9,1
815,n345881,P35637,1
816,n344667,Q15717,1
817,n345045,Q9NZI8,1
818,n344461,Q15717,1
819,n346051,P31483,1
820,n344871,Q01844,1
821,n344971,Q15717,1
822,n344995,Q9NZI8,1
823,n346082,Q9UKV8,1
824,n344934,Q15717,1
825,n344793,P35637,1
826,n344574,P35637,1
827,n344960,Q86X94,1
828,n344971,Q9NZI8,1
829,n344778,O00425,1
830,n344924,Q9Y6M1,1
831,n344971,P31483,1
832,n345222,P26599,1
833,n345746,Q15717,1
834,n345449,Q9UL18,1
835,n344894,O00425,1
836,n345424,Q13148,1
837,n344996,Q9NZI8,1
838,n346370,Q9Y6M1,1
839,n345437,P26599,1
840,n345751,Q9NZI8,1
841,n346535,Q13148,1
842,n345385,Q15717,1
843,n345232,Q15717,1
844,n344540,P26599,1
845,n344768,Q9HCE1,1
846,n344986,Q13148,1
847,n344675,Q13148,1
848,n344659,P35637,1
849,n345161,P35637,1
850,n345421,Q49AS9,1
851,n344778,Q86X94,1
852,n345696,Q49AS9,1
853,n344972,Q49AS9,1
854,n345221,Q07955,1
855,n346110,Q07955,1
856,n344745,Q9Y6M1,1
857,n344778,Q9NZI8,1
858,n345334,Q13148,1
859,n345966,O00425,1
860,n344649,Q15717,1
861,n344949,O00425,1
862,n345040,Q13148,1
863,n345777,O00425,1
864,n345473,Q01844,1
865,n345873,P31483,1
866,n344659,O00425,1
867,n344658,Q9UKV8,1
868,n344907,Q13148,1
869,n346101,P31483,1
870,n344995,P35637,1
871,n344490,Q13148,1
872,n346430,P35637,1
873,n345110,P35637,1
874,n345026,Q15717,1
875,n345138,Q9UL18,1
876,n344693,Q15717,1
877,n346535,Q15717,1
878,n346296,Q49AS9,1
879,n344808,Q9UL18,1
880,n345222,Q15717,1
881,n346517,Q07955,1
882,n344585,Q15717,1
883,n345670,Q01844,1
884,n345041,Q9NZI8,1
885,n346067,Q07955,1
886,n346177,P31483,1
887,n344604,Q13148,1
888,n344741,Q9UKV8,1
889,n345422,Q07955,1
890,n345385,P35637,1
891,n345544,O00425,1
892,n346143,Q15717,1
893,n344541,Q49AS9,1
894,n344610,Q01844,1
895,n344798,Q15717,1
896,n344490,Q15717,1
897,n344691,Q9NZI8,1
898,n346535,Q01844,1
899,n344709,Q49AS9,1
900,n345251,Q13148,1
901,n344691,Q15717,1
902,n345534,Q13148,1
903,n344817,Q13148,1
904,n344793,B7ZL34,1
905,n344677,Q07955,1
906,n344709,Q9NZI8,1
907,n344531,P31483,1
908,n344988,Q15717,1
909,n344552,Q49AS9,1
910,n344455,Q13148,1
911,n345185,O00425,1
912,n346082,Q9NZI8,1
913,n344971,Q01844,1
914,n344460,Q49AS9,1
915,n344691,Q15717,1
916,n344745,Q15717,1
917,n344658,Q9UL18,1
918,n344971,Q96PU8,1
919,n346461,Q07955,1
920,n344995,P35637,1
921,n344547,O00425,1
922,n345232,P31483,1
923,n345823,Q01844,1
924,n344604,Q15717,1
925,n345437,Q9UL18,1
926,n344778,Q9Y6M1,1
927,n344659,Q15717,1
928,n345168,P31483,1
929,n344975,Q15717,1
930,n345032,Q15717,1
931,n346082,Q9UKV8,1
932,n345421,Q15717,1
933,n346398,Q49AS9,1
934,n345391,P26599,1
935,n345777,Q15717,1
936,n344538,Q01844,1
937,n345618,P35637,1
938,n345558,Q49AS9,1
939,n345777,Q15717,1
940,n344803,Q15717,1
941,n344462,Q01844,1
942,n345516,P35637,1
943,n345653,P35637,1
944,n345232,Q07955,1
945,n346430,Q15717,1
946,n345856,Q49AS9,1
947,n344808,Q15717,1
948,n344540,O00425,1
949,n344745,Q86X94,1
950,n344930,Q13148,1
951,n345091,Q15717,1
952,n344995,Q15717,1
953,n346535,P35637,1
954,n344778,P35637,1
955,n345957,O00425,1
956,n345246,Q15717,1
957,n345105,P35637,1
958,n346535,Q9UL18,0
959,n344793,O43251,0
960,n344547,O43251,0
961,n345580,P35637,0
962,n344965,Q49AS9,0
963,n345574,P31483,0
964,n345044,Q9UL18,0
965,n345395,Q9Y6M1,0
966,n346188,Q01844,0
967,n345455,B7ZL34,0
968,n346535,O43251,0
969,n344569,Q86X94,0
970,n345006,O43251,0
971,n345707,P26599,0
972,n346533,B7ZL34,0
973,n344659,Q13148,0
974,n344461,Q9NZI8,0
975,n345170,O00425,0
976,n344885,O43251,0
977,n345138,Q96PU8,0
978,n344931,Q8NDV7,0
979,n345304,Q07955,0
980,n344741,Q13148,0
981,n346101,B7ZL34,0
982,n345248,Q96PU8,0
983,n344916,Q9NZI8,0
984,n344941,Q9NZI8,0
985,n345457,Q96PU8,0
986,n345458,Q9UL18,0
987,n344755,O43251,0
988,n346533,P31483,0
989,n346041,Q9UL18,0
990,n345647,P31483,0
991,n345574,Q9NZI8,0
992,n344996,P31483,0
993,n344745,Q9HCE1,0
994,n345670,Q9Y6M1,0
995,n345781,P35637,0
996,n344778,O43251,0
997,n344656,Q8NDV7,0
998,n344627,Q07955,0
999,n344741,P26599,0
1000,n344871,Q8NDV7,0
1001,n346535,Q96PU8,0
1002,n346545,Q9NZI8,0
1003,n344678,Q96PU8,0
1004,n345449,P35637,0
1005,n344659,O43251,0
1006,n344574,B7ZL34,0
1007,n344808,Q13148,0
1008,n345473,B7ZL34,0
1009,n344741,Q01844,0
1010,n345059,Q9NZI8,0
1011,n346398,Q07955,0
1012,n345630,Q86X94,0
1013,n345421,Q9NZI8,0
1014,n344517,Q9Y6M1,0
1015,n346404,Q9NZI8,0
1016,n344659,P26599,0
1017,n344574,Q9HCE1,0
1018,n344540,Q9UL18,0
1019,n344658,B7ZL34,0
1020,n346227,Q15717,0
1021,n345322,Q9Y6M1,0
1022,n345777,O43251,0
1023,n346167,Q8NDV7,0
1024,n345433,Q8NDV7,0
1025,n344778,Q96PU8,0
1026,n344808,Q86X94,0
1027,n345666,Q9UL18,0
1028,n344960,Q9UKV8,0
1029,n344709,Q07955,0
1030,n345070,Q15717,0
1031,n345277,P35637,0
1032,n344778,Q07955,0
1033,n344490,Q9NZI8,0
1034,n346545,B7ZL34,0
1035,n346430,Q9UKV8,0
1036,n344547,Q96PU8,0
1037,n345751,Q96PU8,0
1038,n345653,Q9UL18,0
1039,n345138,O43251,0
1040,n344604,Q9UL18,0
1041,n345385,Q49AS9,0
1042,n345255,Q49AS9,0
1043,n345105,Q9UL18,0
1044,n345424,Q9HCE1,0
1045,n345385,P31483,0
1046,n346398,O43251,0
1047,n346537,B7ZL34,0
1048,n344778,Q13148,0
1049,n345040,O00425,0
1050,n344457,Q8NDV7,0
1051,n345618,Q9UKV8,0
1052,n345568,Q01844,0
1053,n344778,O43251,0
1054,n344653,Q9NZI8,0
1055,n345046,O00425,0
1056,n345474,O00425,0
1057,n344693,Q07955,0
1058,n346356,O00425,0
1059,n345260,Q9UKV8,0
1060,n345653,P26599,0
1061,n344771,P35637,0
1062,n344604,Q8NDV7,0
1063,n345622,Q9UKV8,0
1064,n344960,P31483,0
1065,n344699,P35637,0
1066,n344894,P31483,0
1067,n344703,Q8NDV7,0
1068,n344745,Q9UL18,0
1069,n344461,P26599,0
1070,n345297,Q86X94,0
1071,n345458,Q13148,0
1072,n346361,Q9UL18,0
1073,n345781,Q9HCE1,0
1074,n346523,Q9Y6M1,0
1075,n344678,Q9UKV8,0
1076,n345232,Q9Y6M1,0
1077,n344628,Q9NZI8,0
1078,n345670,O00425,0
1079,n344659,Q07955,0
1080,n344996,Q07955,0
1081,n345613,B7ZL34,0
1082,n344691,O43251,0
1083,n345161,O00425,0
1084,n344500,P35637,0
1085,n344768,P31483,0
1086,n345527,O00425,0
1087,n345670,O43251,0
1088,n345091,Q9Y6M1,0
1089,n344745,Q13148,0
1090,n345222,P31483,0
1091,n344569,Q96PU8,0
1092,n344691,Q9UKV8,0
1093,n344940,P35637,0
1094,n344490,Q96PU8,0
1095,n344871,Q49AS9,0
1096,n344778,Q9Y6M1,0
1097,n346032,Q86X94,0
1098,n346082,Q86X94,0
1099,n345557,Q01844,0
1100,n345421,Q9HCE1,0
1101,n345222,Q96PU8,0
1102,n345385,O43251,0
1103,n344677,Q9UKV8,0
1104,n345395,O00425,0
1105,n344995,Q96PU8,0
1106,n344724,Q9Y6M1,0
1107,n344705,Q9Y6M1,0
1108,n344659,Q9UKV8,0
1109,n345437,Q9UKV8,0
1110,n346247,P31483,0
1111,n345941,Q9HCE1,0
1112,n345457,B7ZL34,0
1113,n344755,P31483,0
1114,n345222,Q01844,0
1115,n344793,Q96PU8,0
1116,n344656,Q01844,0
1117,n346288,O00425,0
1118,n344745,P31483,0
1119,n345574,Q49AS9,0
1120,n345310,Q9HCE1,0
1121,n345139,Q96PU8,0
1122,n346101,Q9UKV8,0
1123,n344778,Q01844,0
1124,n345544,Q07955,0
1125,n363309,Q8NDV7,0
1126,n344547,B7ZL34,0
1127,n345288,Q9Y6M1,0
1128,n344872,B7ZL34,0
1129,n345246,Q07955,0
1130,n344610,Q8NDV7,0
1131,n344995,Q9UKV8,0
1132,n344658,Q96PU8,0
1133,n345653,Q96PU8,0
1134,n345670,P31483,0
1135,n344659,Q96PU8,0
1136,n346398,B7ZL34,0
1137,n345417,Q9UKV8,0
1138,n345222,Q13148,0
1139,n344871,P26599,0
1140,n344496,Q9UKV8,0
1141,n345182,B7ZL34,0
1142,n345170,P31483,0
1143,n344778,O00425,0
1144,n344992,Q9UKV8,0
1145,n344909,O43251,0
1146,n345281,Q9Y6M1,0
1147,n346523,Q9HCE1,0
1148,n344659,P35637,0
1149,n344559,O43251,0
1150,n345059,Q49AS9,0
1151,n344778,P31483,0
1152,n344540,Q96PU8,0
1153,n344679,Q9NZI8,0
1154,n346422,Q96PU8,0
1155,n344799,Q07955,0
1156,n346033,Q96PU8,0
1157,n345226,O00425,0
1158,n345653,Q9HCE1,0
1159,n345458,B7ZL34,0
1160,n344601,B7ZL34,0
1161,n345887,Q15717,0
1162,n346337,Q9UL18,0
1163,n344808,P26599,0
1164,n345777,P26599,0
1165,n344736,Q01844,0
1166,n344745,Q96PU8,0
1167,n345437,Q96PU8,0
1168,n344924,Q9UKV8,0
1169,n345117,Q13148,0
1170,n344604,O43251,0
1171,n345954,Q9NZI8,0
1172,n344965,Q8NDV7,0
1173,n344726,Q86X94,0
1174,n345186,O00425,0
1175,n344514,P35637,0
1176,n345886,Q49AS9,0
1177,n344462,O43251,0
1178,n344975,Q13148,0
1179,n344461,O43251,0
1180,n345041,O00425,0
1181,n345293,O00425,0
1182,n346167,P26599,0
1183,n346426,P35637,0
1184,n346109,Q13148,0
1185,n344907,Q9NZI8,0
1186,n344907,Q49AS9,0
1187,n345271,Q07955,0
1188,n344678,Q9Y6M1,0
1189,n345474,Q96PU8,0
1190,n345437,B7ZL34,0
1191,n345925,Q15717,0
1192,n345296,Q96PU8,0
1193,n345418,Q49AS9,0
1194,n345594,O00425,0
1195,n345765,P26599,0
1196,n346537,Q86X94,0
1197,n344818,Q49AS9,0
1198,n345014,P26599,0
1199,n345594,Q01844,0
1200,n344664,O43251,0
1201,n346354,O00425,0
1202,n345850,Q86X94,0
1203,n344930,Q9NZI8,0
1204,n345751,Q9UL18,0
1205,n345423,O00425,0
1206,n344601,Q8NDV7,0
1207,n345310,P26599,0
1208,n344872,Q07955,0
1209,n344803,P26599,0
1210,n345304,Q9HCE1,0
1211,n345781,Q01844,0
1212,n344514,Q07955,0
1213,n344724,P26599,0
1214,n345117,Q07955,0
1215,n344793,Q9UL18,0
1216,n344601,O43251,0
1217,n345449,Q86X94,0
1218,n344871,Q9UKV8,0
1219,n346026,Q07955,0
1220,n345424,B7ZL34,0
1221,n345059,P35637,0
1222,n344691,Q13148,0
1223,n345457,P35637,0
1224,n344755,O00425,0
1225,n346460,Q8NDV7,0
1226,n346137,P35637,0
1227,n344490,Q8NDV7,0
1228,n344541,P26599,0
1229,n344960,P26599,0
1230,n344656,B7ZL34,0
1231,n344871,Q13148,0
1232,n345289,O00425,0
1233,n344540,Q07955,0
1234,n344745,O43251,0
1235,n345232,O00425,0
1236,n344460,P31483,0
1237,n345437,O43251,0
1238,n344695,O00425,0
1239,n345222,Q07955,0
1240,n344540,Q9HCE1,0
1241,n344610,Q07955,0
1242,n344808,O43251,0
1243,n344749,Q07955,0
1244,n345168,Q8NDV7,0
1245,n344741,Q96PU8,0
1246,n345110,Q13148,0
1247,n344677,Q9UL18,0
1248,n345909,Q15717,0
1249,n344931,Q96PU8,0
1250,n344460,Q01844,0
1251,n344528,Q86X94,0
1252,n346520,P31483,0
1253,n344454,B7ZL34,0
1254,n344644,P31483,0
1255,n344490,B7ZL34,0
1256,n345012,Q49AS9,0
1257,n346533,Q9UL18,0
1258,n344721,Q9UL18,0
1259,n345417,B7ZL34,0
1260,n345281,Q9HCE1,0
1261,n345338,Q01844,0
1262,n345873,Q13148,0
1263,n344766,Q01844,0
1264,n344800,Q13148,0
1265,n345385,Q86X94,0
1266,n344601,Q49AS9,0
1267,n346189,Q8NDV7,0
1268,n345185,Q01844,0
1269,n344658,Q01844,0
1270,n346533,P26599,0
1271,n345754,B7ZL34,0
1272,n344462,Q9NZI8,0
1273,n344541,P35637,0
1274,n344741,O43251,0
1275,n344800,Q8NDV7,0
1276,n344741,Q9HCE1,0
1277,n344610,Q86X94,0
1278,n344772,Q13148,0
1279,n346189,P26599,0
1280,n344538,Q86X94,0
1281,n346143,Q07955,0
1282,n344749,Q9HCE1,0
1283,n345751,Q9HCE1,0
1284,n345957,P31483,0
1285,n344986,Q49AS9,0
1286,n345045,Q86X94,0
1287,n344778,Q01844,0
1288,n344971,Q8NDV7,0
1289,n344574,Q13148,0
1290,n345229,B7ZL34,0
1291,n344610,Q49AS9,0
1292,n344971,Q13148,0
1293,n345038,Q86X94,0
1294,n346349,P26599,0
1295,n346537,P31483,0
1296,n344975,Q8NDV7,0
1297,n345886,Q9Y6M1,0
1298,n344772,B7ZL34,0
1299,n344462,Q13148,0
1300,n346361,P35637,0
1301,n345847,O43251,0
1302,n345417,Q8NDV7,0
1303,n344995,P31483,0
1304,n345222,B7ZL34,0
1305,n344490,Q01844,0
1306,n344574,Q8NDV7,0
1307,n346288,Q9HCE1,0
1308,n344457,Q86X94,0
1309,n345697,O43251,0
1310,n346082,Q9HCE1,0
1311,n344745,Q07955,0
1312,n344880,O43251,0
1313,n344745,P26599,0
1314,n345455,Q9HCE1,0
1315,n344861,O00425,0
1316,n344963,Q9Y6M1,0
1317,n345045,P26599,0
1318,n344478,Q9UL18,0
1319,n344604,O00425,0
1320,n344691,Q8NDV7,0
1321,n344848,Q9UL18,0
1322,n344604,Q86X94,0
1323,n345117,P31483,0
1324,n344800,Q9UKV8,0
1325,n345222,Q8NDV7,0
1326,n346026,Q9UL18,0
1327,n345437,Q8NDV7,0
1328,n345323,Q07955,0
1329,n345222,Q86X94,0
1330,n345457,Q8NDV7,0
1331,n345437,Q01844,0
1332,n344574,P26599,0
1333,n344678,Q86X94,0
1334,n345686,B7ZL34,0
1335,n344651,Q13148,0
1336,n345077,B7ZL34,0
1337,n345653,O43251,0
1338,n345653,Q07955,0
1339,n345813,P31483,0
1340,n344457,B7ZL34,0
1341,n346392,Q9HCE1,0
1342,n345304,Q8NDV7,0
1343,n344872,Q8NDV7,0
1344,n345589,P26599,0
1345,n344719,Q9UKV8,0
1346,n346398,P26599,0
1347,n345031,Q9UKV8,0
1348,n345003,Q01844,0
1349,n346349,Q86X94,0
1350,n345437,O43251,0
1351,n345777,Q07955,0
1352,n346082,Q13148,0
1353,n344803,Q13148,0
1354,n345831,Q13148,0
1355,n345170,Q9Y6M1,0
1356,n345653,Q86X94,0
1357,n344745,B7ZL34,0
1358,n344975,P26599,0
1359,n344745,O00425,0
1360,n346110,P26599,0
1361,n344699,Q07955,0
1362,n344872,P35637,0
1363,n345387,Q9NZI8,0
1364,n344500,Q13148,0
1365,n346167,Q9HCE1,0
1366,n344971,B7ZL34,0
1367,n344659,Q49AS9,0
1368,n344646,P35637,0
1369,n345417,P26599,0
1370,n345179,B7ZL34,0
1371,n344610,Q96PU8,0
1372,n344457,Q07955,0
1373,n344454,Q07955,0
1374,n344678,Q9HCE1,0
1375,n344798,P26599,0
1376,n344457,Q9HCE1,0
1377,n344745,O43251,0
1378,n344589,Q8NDV7,0
1379,n344960,Q9UL18,0
1380,n345943,O43251,0
1381,n345746,Q96PU8,0
1382,n345915,O43251,0
1383,n346525,Q01844,0
1384,n346348,P31483,0
1385,n345668,Q07955,0
1386,n344462,Q9UL18,0
1387,n344960,Q07955,0
1388,n344538,P26599,0
1389,n344574,Q07955,0
1390,n345636,O43251,0
1391,n344791,O00425,0
1392,n344800,Q07955,0
1393,n344772,Q96PU8,0
1394,n345881,P26599,0
1395,n344659,Q13148,0
1396,n344646,P26599,0
1397,n346101,O43251,0
1398,n344793,Q9HCE1,0
1399,n345385,Q13148,0
1400,n345674,P31483,0
1401,n346537,P26599,0
1402,n344646,Q9NZI8,0
1403,n344514,B7ZL34,0
1404,n344454,Q9UL18,0
1405,n344541,Q9UKV8,0
1406,n344808,P35637,0
1407,n345385,Q96PU8,0
1408,n344916,Q8NDV7,0
1409,n344800,Q01844,0
1410,n344598,Q96PU8,0
1411,n345117,Q9UL18,0
1412,n344547,Q9HCE1,0
1413,n344810,Q9HCE1,0
1414,n345559,Q01844,0
1415,n345186,Q07955,0
1416,n345077,Q9UKV8,0
1417,n345310,Q96PU8,0
1418,n345161,Q07955,0
1419,n346426,Q9NZI8,0
1420,n345170,Q9HCE1,0
1421,n346404,B7ZL34,0
1422,n345221,Q9HCE1,0
1423,n345270,Q49AS9,0
1424,n345701,Q8NDV7,0
1425,n345636,P31483,0
1426,n344963,O43251,0
1427,n346398,Q9UL18,0
1428,n344986,B7ZL34,0
1429,n344793,Q9UKV8,0
1430,n345395,Q9UL18,0
1431,n345232,Q49AS9,0
1432,n344589,Q96PU8,0
1433,n363314,P31483,0
1434,n344778,Q86X94,0
1435,n344503,Q9UKV8,0
1436,n344736,Q9UKV8,0
1437,n346033,O43251,0
1438,n345670,Q13148,0
1439,n344741,Q07955,0
1440,n345861,Q01844,0
1441,n345012,P35637,0
1442,n344934,P35637,0
1443,n344818,P31483,0
1444,n344551,O43251,0
1445,n345641,Q9HCE1,0
1446,n346078,P26599,0
1447,n346101,Q9UL18,0
1448,n344875,Q9NZI8,0
1449,n344709,Q9UL18,0
1450,n345385,B7ZL34,0
1451,n344453,Q9UKV8,0
1452,n345437,Q49AS9,0
1453,n344995,Q07955,0
1454,n344478,Q9UKV8,0
1455,n344943,B7ZL34,0
1456,n345091,Q13148,0
1457,n346523,Q13148,0
1458,n345221,O43251,0
1459,n346101,Q01844,0
1460,n346373,Q96PU8,0
1461,n344652,O00425,0
1462,n344488,Q9HCE1,0
1463,n344658,O00425,0
1464,n346033,P26599,0
1465,n346494,Q15717,0
1466,n344552,Q8NDV7,0
1467,n344778,Q8NDV7,0
1468,n345395,B7ZL34,0
1469,n345222,P35637,0
1470,n345781,Q07955,0
1471,n346398,Q96PU8,0
1472,n344778,Q9Y6M1,0
1473,n344628,Q9Y6M1,0
1474,n346392,Q96PU8,0
1475,n345232,Q01844,0
1476,n345156,Q13148,0
1477,n345686,Q13148,0
1478,n345799,Q9UL18,0
1479,n345437,Q96PU8,0
1480,n345506,Q96PU8,0
1481,n346188,O00425,0
1482,n346101,P35637,0
1483,n344457,Q96PU8,0
1484,n345612,B7ZL34,0
1485,n346205,Q86X94,0
1486,n345437,Q9Y6M1,0
1487,n345138,Q01844,0
1488,n345417,Q07955,0
1489,n344741,Q86X94,0
1490,n345249,Q9Y6M1,0
1491,n345457,P26599,0
1492,n346398,Q9HCE1,0
1493,n344652,Q9HCE1,0
1494,n345839,Q9UKV8,0
1495,n345527,Q86X94,0
1496,n344778,P31483,0
1497,n346533,Q9HCE1,0
1498,n345139,P31483,0
1499,n346404,Q9UL18,0
1500,n346398,Q86X94,0
1501,n344871,P35637,0
1502,n346349,P35637,0
1503,n345437,Q9UKV8,0
1504,n345653,Q8NDV7,0
1505,n344709,O00425,0
1506,n344798,B7ZL34,0
1507,n346510,Q8NDV7,0
1508,n345117,Q9UKV8,0
1509,n344578,O43251,0
1510,n346137,P31483,0
1511,n344996,Q86X94,0
1512,n345781,O43251,0
1513,n344848,P35637,0
1514,n344664,Q13148,0
1515,n344793,Q8NDV7,0
1516,n345222,O43251,0
1517,n344659,Q9UL18,0
1518,n345433,Q86X94,0
1519,n344939,P31483,0
1520,n344793,Q07955,0
1521,n346537,P35637,0
1522,n345668,Q9NZI8,0
1523,n344800,Q9NZI8,0
1524,n344868,Q86X94,0
1525,n346167,Q13148,0
1526,n344664,Q49AS9,0
1527,n346137,B7ZL34,0
1528,n345185,Q9UL18,0
1529,n345516,Q86X94,0
1530,n346426,Q8NDV7,0
1531,n345185,Q9NZI8,0
1532,n345977,Q9UL18,0
1533,n345670,P26599,0
1534,n345139,B7ZL34,0
1535,n345935,O43251,0
1536,n346533,Q49AS9,0
1537,n344462,Q9Y6M1,0
1538,n344601,Q9HCE1,0
1539,n345182,Q9Y6M1,0
1540,n346167,Q07955,0
1541,n345168,Q9HCE1,0
1542,n345746,Q9NZI8,0
1543,n345765,Q96PU8,0
1544,n344736,P26599,0
1545,n346537,Q07955,0
1546,n345630,Q8NDV7,0
1547,n344547,Q07955,0
1548,n344659,Q9UL18,0
1549,n346196,Q49AS9,0
1550,n344610,Q9UL18,0
1551,n346383,P31483,0
1552,n344971,P35637,0
1553,n345433,Q96PU8,0
1554,n345207,Q8NDV7,0
1555,n345777,Q9HCE1,0
1556,n344807,P26599,0
1557,n344996,Q13148,0
1558,n345032,Q9UL18,0
1559,n345501,Q9HCE1,0
1560,n345185,P26599,0
1561,n344800,Q96PU8,0
1562,n346296,Q01844,0
1563,n344547,Q49AS9,0
1564,n344980,Q9HCE1,0
1565,n344986,Q96PU8,0
1566,n344871,Q9UL18,0
1567,n345746,P26599,0
1568,n345455,Q07955,0
1569,n346477,Q9HCE1,0
1570,n346472,Q96PU8,0
1571,n345117,P26599,0
1572,n344651,Q86X94,0
1573,n344798,Q07955,0
1574,n345455,O43251,0
1575,n344741,Q8NDV7,0
1576,n345618,P31483,0
1577,n346236,P35637,0
1578,n344957,Q07955,0
1579,n345139,Q9UL18,0
1580,n345653,Q9UKV8,0
1581,n344975,Q86X94,0
1582,n344778,Q07955,0
1583,n344601,P26599,0
1584,n345077,Q9HCE1,0
1585,n345879,P35637,0
1586,n344691,Q07955,0
1587,n344574,Q9UKV8,0
1588,n344805,P35637,0
1589,n344875,O43251,0
1590,n344960,Q49AS9,0
1591,n345161,P31483,0
1592,n345457,Q07955,0
1593,n344986,Q9UKV8,0
1594,n344604,Q9HCE1,0
1595,n346189,O00425,0
1596,n345648,O43251,0
1597,n345465,O00425,0
1598,n346545,P26599,0
1599,n345357,Q9Y6M1,0
1600,n344778,O43251,0
1601,n345502,O43251,0
1602,n345468,Q9Y6M1,0
1603,n345765,Q01844,0
1604,n344745,O00425,0
1605,n345310,Q49AS9,0
1606,n345014,O43251,0
1607,n345473,Q07955,0
1608,n344709,Q9HCE1,0
1609,n344691,Q9UL18,0
1610,n346533,Q96PU8,0
1611,n346101,P26599,0
1612,n344598,P31483,0
1613,n345045,P31483,0
1614,n345935,Q13148,0
1615,n344559,Q9UKV8,0
1616,n345437,Q9Y6M1,0
1617,n345040,P31483,0
1618,n345457,Q86X94,0
1619,n345323,Q9HCE1,0
1620,n344736,Q9NZI8,0
1621,n345648,Q07955,0
1622,n344588,Q01844,0
1623,n345781,Q86X94,0
1624,n346481,Q9NZI8,0
1625,n345304,P31483,0
1626,n344800,Q86X94,0
1627,n344531,Q86X94,0
1628,n346260,Q01844,0
1629,n345040,Q9Y6M1,0
1630,n344778,P31483,0
1631,n344610,Q9HCE1,0
1632,n345751,Q8NDV7,0
1633,n344497,Q49AS9,0
1634,n344589,Q01844,0
1635,n344721,Q8NDV7,0
1636,n344691,P31483,0
1637,n344695,P26599,0
1638,n345281,O00425,0
1639,n344659,O43251,0
1640,n344601,Q86X94,0
1641,n345423,Q13148,0
1642,n344678,O00425,0
1643,n344749,P35637,0
1644,n344960,Q9HCE1,0
1645,n344547,P31483,0
1646,n344791,Q96PU8,0
1647,n344996,O43251,0
1648,n345337,Q9NZI8,0
1649,n344724,Q9NZI8,0
1650,n344678,Q8NDV7,0
1651,n344601,Q13148,0
1652,n344490,Q9UL18,0
1653,n345960,Q49AS9,0
1654,n346167,Q01844,0
1655,n345232,Q13148,0
1656,n345641,Q49AS9,0
1657,n344800,O43251,0
1658,n345524,Q96PU8,0
1659,n346101,Q07955,0
1660,n345421,Q86X94,0
1661,n344760,Q9HCE1,0
1662,n344574,O43251,0
1663,n345516,P26599,0
1664,n344705,P31483,0
1665,n345641,Q07955,0
1666,n344649,Q07955,0
1667,n345173,Q8NDV7,0
1668,n344736,Q07955,0
1669,n345185,P31483,0
1670,n345068,Q96PU8,0
1671,n344791,Q13148,0
1672,n346189,Q96PU8,0
1673,n344749,P26599,0
1674,n344457,P35637,0
1675,n344930,Q9UKV8,0
1676,n344462,Q9UKV8,0
1677,n344585,Q9HCE1,0
1678,n344931,Q13148,0
1679,n344691,Q9HCE1,0
1680,n345623,O43251,0
1681,n344995,Q8NDV7,0
1682,n344793,Q01844,0
1683,n345670,Q96PU8,0
1684,n345623,Q49AS9,0
1685,n344741,B7ZL34,0
1686,n344646,O43251,0
1687,n344656,Q15717,0
1688,n344810,Q86X94,0
1689,n345486,Q13148,0
1690,n344574,Q9UL18,0
1691,n344552,O00425,0
1692,n346007,Q01844,0
1693,n346026,Q15717,0
1694,n345915,Q9Y6M1,0
1695,n346082,Q49AS9,0
1696,n344574,Q8NDV7,0
1697,n363297,Q86X94,0
1698,n346299,P31483,0
1699,n346007,Q9Y6M1,0
1700,n345437,P35637,0
1701,n346051,O43251,0
1702,n344818,Q9UL18,0
1703,n346137,Q49AS9,0
1704,n345802,O00425,0
1705,n345161,Q8NDV7,0
1706,n344793,Q07955,0
1707,n345455,Q49AS9,0
1708,n346332,Q8NDV7,0
1709,n345823,P26599,0
1710,n346426,Q86X94,0
1711,n346296,Q86X94,0
1712,n344808,Q96PU8,0
1713,n345040,Q07955,0
1714,n345045,Q49AS9,0
1715,n363315,O43251,0
1716,n346109,Q07955,0
1717,n346535,P26599,0
1718,n345408,P35637,0
1719,n345957,P35637,0
1720,n344995,P26599,0
1721,n345304,Q49AS9,0
1722,n344604,B7ZL34,0
1723,n345222,O43251,0
1724,n344691,Q96PU8,0
1725,n346143,O43251,0
1726,n344612,Q49AS9,0
1727,n345483,P35637,0
1728,n345157,Q9UL18,0
1729,n345045,Q01844,0
1730,n344610,P26599,0
1731,n346533,Q8NDV7,0
1732,n345594,B7ZL34,0
1733,n345382,Q15717,0
1734,n346533,O43251,0
1735,n344793,Q96PU8,0
1736,n345385,Q07955,0
1737,n344885,Q96PU8,0
1738,n345337,O43251,0
1739,n346481,P26599,0
1740,n344651,O43251,0
1741,n345433,Q07955,0
1742,n344958,Q13148,0
1743,n344768,Q13148,0
1744,n345574,Q01844,0
1745,n345988,B7ZL34,0
1746,n345888,Q9Y6M1,0
1747,n344638,Q96PU8,0
1748,n346110,P35637,0
1749,n344547,Q86X94,0
1750,n346082,Q01844,0
1751,n344604,Q07955,0
1752,n345288,O43251,0
1753,n345777,B7ZL34,0
1754,n344880,Q9UKV8,0
1755,n344960,B7ZL34,0
1756,n345437,B7ZL34,0
1757,n345025,Q96PU8,0
1758,n344538,Q9HCE1,0
1759,n345385,Q9UKV8,0
1760,n346082,O43251,0
1761,n344601,Q96PU8,0
1762,n344691,P26599,0
1763,n344701,Q9Y6M1,0
1764,n344517,Q9UL18,0
1765,n345091,Q9UL18,0
1766,n344924,Q9NZI8,0
1767,n344791,Q86X94,0
1768,n344547,Q13148,0
1769,n344691,O00425,0
1770,n344588,B7ZL34,0
1771,n344871,Q86X94,0
1772,n344457,Q01844,0
1773,n345881,Q8NDV7,0
1774,n344667,O43251,0
1775,n345045,Q9UL18,0
1776,n344461,Q86X94,0
1777,n346051,Q9UL18,0
1778,n344871,O43251,0
1779,n344971,P26599,0
1780,n344995,Q86X94,0
1781,n346082,B7ZL34,0
1782,n344934,Q9UKV8,0
1783,n344793,Q9UL18,0
1784,n344574,O43251,0
1785,n344960,O43251,0
1786,n344971,Q9UKV8,0
1787,n344778,B7ZL34,0
1788,n344924,Q96PU8,0
1789,n344971,Q9HCE1,0
1790,n345222,Q8NDV7,0
1791,n345746,O00425,0
1792,n345449,B7ZL34,0
1793,n344894,Q49AS9,0
1794,n345424,Q07955,0
1795,n344996,P35637,0
1796,n346370,Q9UKV8,0
1797,n345437,Q9NZI8,0
1798,n345751,Q9Y6M1,0
1799,n346535,B7ZL34,0
1800,n345385,P26599,0
1801,n345232,Q9UKV8,0
1802,n344540,Q9NZI8,0
1803,n344768,P35637,0
1804,n344986,O43251,0
1805,n344675,Q01844,0
1806,n344659,Q8NDV7,0
1807,n345161,P26599,0
1808,n345421,Q07955,0
1809,n344778,Q86X94,0
1810,n345696,Q07955,0
1811,n344972,Q07955,0
1812,n345221,Q9Y6M1,0
1813,n346110,Q96PU8,0
1814,n344745,Q9HCE1,0
1815,n344778,O00425,0
1816,n345334,P26599,0
1817,n345966,Q96PU8,0
1818,n344649,B7ZL34,0
1819,n344949,Q96PU8,0
1820,n345040,Q9UKV8,0
1821,n345777,Q49AS9,0
1822,n345473,Q9NZI8,0
1823,n345873,Q9NZI8,0
1824,n344659,Q96PU8,0
1825,n344658,P31483,0
1826,n344907,Q86X94,0
1827,n346101,Q8NDV7,0
1828,n344995,O43251,0
1829,n344490,P26599,0
1830,n346430,Q86X94,0
1831,n345110,Q9UL18,0
1832,n345026,O43251,0
1833,n345138,B7ZL34,0
1834,n344693,Q9UKV8,0
1835,n346535,Q9Y6M1,0
1836,n346296,P26599,0
1837,n344808,Q01844,0
1838,n345222,Q8NDV7,0
1839,n346517,Q01844,0
1840,n344585,P31483,0
1841,n345670,Q9UL18,0
1842,n345041,P26599,0
1843,n346067,Q9NZI8,0
1844,n346177,Q8NDV7,0
1845,n344604,Q9UKV8,0
1846,n344741,P31483,0
1847,n345422,Q13148,0
1848,n345385,P35637,0
1849,n345544,Q49AS9,0
1850,n346143,Q8NDV7,0
1851,n344541,Q9HCE1,0
1852,n344610,P31483,0
1853,n344798,P35637,0
1854,n344490,Q86X94,0
1855,n344691,Q8NDV7,0
1856,n346535,P31483,0
1857,n344709,O43251,0
1858,n345251,Q9HCE1,0
1859,n344691,O00425,0
1860,n345534,Q96PU8,0
1861,n344817,Q49AS9,0
1862,n344793,Q49AS9,0
1863,n344677,Q49AS9,0
1864,n344709,Q8NDV7,0
1865,n344531,Q49AS9,0
1866,n344988,Q96PU8,0
1867,n344552,Q9UL18,0
1868,n344455,O43251,0
1869,n345185,Q86X94,0
1870,n346082,P31483,0
1871,n344971,O43251,0
1872,n344460,B7ZL34,0
1873,n344691,Q49AS9,0
1874,n344745,Q9UL18,0
1875,n344658,Q8NDV7,0
1876,n344971,Q86X94,0
1877,n346461,Q9HCE1,0
1878,n344995,Q13148,0
1879,n344547,Q8NDV7,0
1880,n345232,B7ZL34,0
1881,n345823,Q13148,0
1882,n344604,Q96PU8,0
1883,n345437,Q49AS9,0
1884,n344778,Q96PU8,0
1885,n344659,Q86X94,0
1886,n345168,Q07955,0
1887,n344975,Q96PU8,0
1888,n345032,B7ZL34,0
1889,n346082,Q8NDV7,0
1890,n345421,Q9UL18,0
1891,n346398,Q01844,0
1892,n345391,Q01844,0
1893,n345777,Q86X94,0
1894,n344538,Q13148,0
1895,n345618,Q07955,0
1896,n345558,B7ZL34,0
1897,n345777,Q01844,0
1898,n344803,O00425,0
1899,n344462,P26599,0
1900,n345516,Q9UKV8,0
1901,n345653,Q13148,0
1902,n345232,Q9NZI8,0
1903,n346430,O43251,0
1904,n345856,O43251,0
1905,n344808,Q07955,0
1906,n344540,P35637,0
1907,n344745,P31483,0
1908,n344930,Q86X94,0
1909,n345091,Q9NZI8,0
1910,n344995,Q9UL18,0
1911,n346535,Q9UKV8,0
1912,n344778,Q9UL18,0
1913,n345957,Q8NDV7,0
1914,n345246,Q8NDV7,0
1915,n345105,Q9NZI8,0
